,gx,gy,gz
501,-0.08095771,-0.00013315413,-0.0047269715
502,-0.09587097,-0.038015503,-0.036217924
503,-0.113447316,-0.092342384,-0.07776201
504,-0.13694902,-0.13981183,-0.11617698
505,-0.15772106,-0.17283405,-0.14334042
506,-0.18222143,-0.2197709,-0.1721017
507,-0.18275404,-0.22829275,-0.17849311
508,-0.18275404,-0.22509706,-0.17689526
509,-0.11830744,-0.16484481,-0.16357985
510,-0.056457352,-0.12702903,-0.14493828
511,0.012316757,-0.09933298,-0.121503145
512,0.077895164,-0.079026975,-0.104392834
513,0.115178324,-0.06784203,-0.10279499
514,0.12849373,-0.07370081,-0.11031819
515,0.13009158,-0.08754884,-0.121503145
516,0.12529804,-0.108920075,-0.13801426
517,0.12902635,-0.12063764,-0.15612322
518,0.13168943,-0.12649642,-0.17423217
519,0.13808084,-0.12702903,-0.19393899
520,0.14074391,-0.12756166,-0.20732097
521,0.16211516,-0.124365956,-0.22383209
522,0.19460475,-0.13501829,-0.22170162
523,0.22123559,-0.1419423,-0.21690807
524,0.22975744,-0.13182259,-0.21264714
525,0.23242053,-0.10519176,-0.21850592
526,0.23721407,-0.080624826,-0.22170162
527,0.25752008,-0.05985278,-0.22383209
528,0.28841186,-0.03428719,-0.22276686
529,0.30225986,-0.021504391,-0.22063638
530,0.36890352,0.024899822,-0.21317975
531,0.3971322,0.050465416,-0.21051668
532,0.41311067,0.082955025,-0.21317975
533,0.41311067,0.09846748,-0.22489733
534,0.40192574,0.09846748,-0.2435389
535,0.38701248,0.07230269,-0.26697403
536,0.3651752,0.024899822,-0.2888113
537,0.3491967,-0.02310224,-0.3059216
538,0.33741257,-0.06145063,-0.31976965
539,0.33634734,-0.10465915,-0.3437374
540,0.332619,-0.11318101,-0.35652018
541,0.32729286,-0.108920075,-0.35545495
542,0.31184697,-0.09021192,-0.36237895
543,0.30225986,-0.072635576,-0.3570528
544,0.30492294,-0.039080735,-0.34267214
545,0.30758604,-0.030026255,-0.33361766
546,0.32676023,-0.022569625,-0.31071517
547,0.35505548,-0.030558873,-0.29367143
548,0.38062108,-0.030026255,-0.28455037
549,0.39393649,-0.022037009,-0.2958019
550,0.38914293,-0.0027962367,-0.31284562
551,0.37263182,0.005193011,-0.33308506
552,0.35665333,-0.00013315413,-0.3474657
553,0.34759885,-0.02789579,-0.36344418
554,0.35452285,-0.053994,-0.3698356
555,0.36624044,-0.071037725,-0.37249866
556,0.37529492,-0.072635576,-0.37143344
557,0.3811537,-0.0603854,-0.36610729
558,0.3981974,-0.039080735,-0.3607811
559,0.42802393,-0.019906541,-0.35971588
560,0.44406903,0.0025299285,-0.3602485
561,0.44140592,0.031823836,-0.36184636
562,0.416839,0.061650362,-0.3671725
563,0.39766482,0.074965775,-0.37143344
564,0.31504267,0.06537867,-0.3794227
565,0.2841509,0.037150003,-0.38102055
566,0.23934455,-0.020971775,-0.3794227
567,0.21111587,-0.065711565,-0.37462914
568,0.15991811,-0.14780109,-0.35598755
569,0.13168943,-0.20272715,-0.3320198
570,0.11198262,-0.23148845,-0.3117804
571,0.09067796,-0.23894508,-0.27016973
572,0.08748226,-0.21497734,-0.22862564
573,0.10612384,-0.1872147,-0.17263433
574,0.13222206,-0.18082331,-0.12736192
575,0.19993092,-0.184019,-0.05059857
576,0.23881193,-0.18561685,-0.0047269715
577,0.2708355,-0.18082331,0.054393463
578,0.27562904,-0.17656237,0.06504579
579,0.24626856,-0.08808146,0.14127652
580,0.20525709,0.06537867,0.19247429
581,0.17649579,0.22849248,0.22709437
582,0.15832026,0.4443353,0.2639115
583,0.15672241,0.6122427,0.28787923
584,0.16584347,0.752454,0.3097165
585,0.17756103,0.81690055,0.32835808
586,0.20632233,0.8510546,0.3315538
587,0.2185725,0.7684325,0.31557527
588,0.21271372,0.73807335,0.30811864
589,0.11943925,0.49819618,0.22602913
590,-0.007922671,0.30312538,0.15832026
591,-0.1523949,0.13362017,0.08748226
592,-0.2952027,-0.022037009,0.030425718
593,-0.40132654,-0.13448566,-0.013781453
594,-0.5718304,-0.27676085,-0.08255556
595,-0.66670275,-0.31357798,-0.10925296
596,-0.80531615,-0.3146432,-0.12203576
597,-0.8479255,-0.28641453,-0.10279499
598,-0.8682315,-0.23095584,-0.069240145
599,-0.8682315,-0.23095584,-0.069240145
600,-0.6672353,0.013182258,0.1631138
601,-0.54679745,0.07709624,0.25479043
602,-0.32616103,0.19760072,0.40192574
603,-0.17103648,0.28927734,0.4888088
604,-0.08894696,0.34147376,0.5410718
605,-0.025565593,0.39693245,0.58900726
606,-0.0025965055,0.43581346,0.61670333
607,-0.022303317,0.4374113,0.60658365
608,-0.084686026,0.40598693,0.5693005
609,-0.18701497,0.3585175,0.51916796
610,-0.28721344,0.32389742,0.47336292
611,-0.44926202,0.25831902,0.39659956
612,-0.53454727,0.15439221,0.34433657
613,-0.5521236,0.0856181,0.32462975
614,-0.54946053,-0.058787547,0.300662
615,-0.55105835,-0.1611165,0.28308567
616,-0.56810206,-0.13501829,0.27829212
617,-0.58095145,-0.028428406,0.2671072
618,-0.565439,0.11604382,0.27296597
619,-0.5169709,0.23648173,0.29214016
620,-0.42156598,0.3233648,0.32036883
621,-0.3575854,0.33454975,0.33741257
622,-0.29253963,0.33028883,0.34699965
623,-0.26803926,0.3111146,0.34380397
624,-0.27762637,0.30365798,0.32676023
625,-0.30052885,0.29034257,0.3129122
626,-0.33042195,0.26311255,0.2841509
627,-0.3405417,0.24553621,0.26011658
628,-0.33095458,0.25405806,0.2377467
629,-0.31071517,0.27269965,0.22922483
630,-0.28668085,0.2908752,0.22230081
631,-0.26377833,0.30525583,0.21537681
632,-0.24993029,0.31217986,0.20525709
633,-0.24407151,0.30951676,0.18874598
634,-0.2467346,0.2844838,0.17383271
635,-0.25152814,0.24713406,0.16897258
636,-0.24993029,0.19973119,0.15459195
637,-0.23022349,0.16291408,0.13967869
638,-0.22596255,0.16131623,0.1402113
639,-0.19873254,0.15599006,0.13328728
640,-0.18541713,0.17303379,0.13168943
641,-0.16357985,0.17889257,0.13168943
642,-0.13428594,0.18215485,0.1306242
643,-0.11717563,0.16877286,0.12689589
644,-0.10492545,0.13255493,0.1210371
645,-0.112382084,0.057922047,0.11358047
646,-0.13215548,-0.028961023,0.09600413
647,-0.14973181,-0.10519176,0.08748226
648,-0.15665583,-0.16164911,0.07569812
649,-0.15399274,-0.17922546,0.06717626
650,-0.13109024,-0.14993155,0.06451318
651,-0.113979936,-0.13075735,0.062915325
652,-0.05965305,-0.031624105,0.06717626
653,-0.030359142,0.024899822,0.06983934
654,0.004327509,0.10379364,0.07410027
655,0.035219267,0.16557716,0.07463289
656,0.054393463,0.1965355,0.069306724
657,0.08908011,0.21837278,0.058654394
658,0.10931954,0.20399213,0.036817115
659,0.11943925,0.17196855,0.0048601255
660,0.11358047,0.13575064,-0.038348388
661,0.092808425,0.0856181,-0.07882725
662,0.08322133,0.05419373,-0.105990686
663,0.06025224,-0.030026255,-0.14760135
664,0.01018629,-0.15259463,-0.20519051
665,-0.007922671,-0.19580315,-0.22489733
666,-0.017509768,-0.22776014,-0.24993029
667,-0.020172851,-0.23841247,-0.26857188
668,-0.0057922048,-0.20965117,-0.27496326
669,0.014447222,-0.16218174,-0.26857188
670,0.05173038,-0.11264839,-0.25152814
671,0.10612384,-0.06943988,-0.22542994
672,0.16477823,-0.040678587,-0.20092958
673,0.20259401,-0.036417656,-0.1848845
674,0.25592223,-0.022569625,-0.16144937
675,0.27882475,-0.016178226,-0.16091676
676,0.3161079,0.021704122,-0.15346013
677,0.34866408,0.04620448,-0.1555906
678,0.37316445,0.074433155,-0.16304722
679,0.38381678,0.105391495,-0.17689526
680,0.3784906,0.11817429,-0.19553684
681,0.36357734,0.11817429,-0.21424499
682,0.3491967,0.10805458,-0.2275604
683,0.32356453,0.09314131,-0.24993029
684,0.3027925,0.047269717,-0.26803926
685,0.29000968,0.012649642,-0.27922422
686,0.2836183,-0.02789579,-0.2786916
687,0.2841509,-0.052928764,-0.27016973
688,0.29107493,-0.048135217,-0.26484355
689,0.31451005,-0.011384678,-0.24300629
690,0.33048853,0.027562905,-0.23288657
691,0.34546837,0.05259588,-0.2275604
692,0.36410996,0.07017223,-0.22383209
693,0.37209922,0.06537867,-0.22223423
694,0.37263182,0.04513925,-0.22862564
695,0.3657078,0.0019973118,-0.24140844
696,0.352925,-0.039080735,-0.25099552
697,0.33421686,-0.072102964,-0.25845218
698,0.31024912,-0.111050546,-0.26803926
699,0.3097165,-0.13821399,-0.26377833
700,0.31504267,-0.14354014,-0.26058263
701,0.3262276,-0.1419423,-0.24886507
702,0.33794516,-0.1387466,-0.23927797
703,0.34813148,-0.12969212,-0.23501703
704,0.3625121,-0.124365956,-0.22915825
705,0.37209922,-0.1254312,-0.22702779
706,0.36890352,-0.13395305,-0.22596255
707,0.3561207,-0.14620323,-0.23128872
708,0.3358147,-0.15579033,-0.23768012
709,0.32462975,-0.1712362,-0.24993029
710,0.32356453,-0.19154221,-0.25578907
711,0.32462975,-0.19207484,-0.26058263
712,0.32462975,-0.17816022,-0.2627131
713,0.31717312,-0.16377957,-0.26111525
714,0.31504267,-0.12010502,-0.26377833
715,0.3193036,-0.108920075,-0.25738692
716,0.32676023,-0.108920075,-0.24993029
717,0.33421686,-0.13395305,-0.24460414
718,0.3352821,-0.14780109,-0.24939768
719,0.32729286,-0.15738818,-0.26058263
720,0.3193036,-0.16377957,-0.2728328
721,0.29427063,-0.16324696,-0.28774607
722,0.27616167,-0.16644266,-0.29739976
723,0.25911793,-0.17496452,-0.30059543
724,0.24200763,-0.19367267,-0.30219328
725,0.21537681,-0.22829275,-0.28987655
726,0.19673522,-0.25119525,-0.2856156
727,0.14287437,-0.3242303,-0.26537618
728,0.07416685,-0.41058075,-0.2435389
729,0.033621415,-0.45585316,-0.22969086
730,-0.019107617,-0.4995943,-0.20625575
731,-0.07456631,-0.509714,-0.17689526
732,-0.10758854,-0.46597287,-0.14120996
733,-0.11557778,-0.35458943,-0.08415341
734,-0.111849464,-0.3247629,-0.07296846
735,-0.037815772,-0.13182259,0.017642923
736,0.053328227,0.03129122,0.09440628
737,0.11251524,0.16504455,0.15991811
738,0.12529804,0.2066552,0.17702842
739,0.16477823,0.41876975,0.26011658
740,0.163713,0.5306858,0.3038577
741,0.15139624,0.5967968,0.32409716
742,0.14287437,0.61437315,0.3224993
743,0.10452599,0.53175104,0.29533586
744,0.06884068,0.40012816,0.2478664
745,0.020306004,0.27702716,0.20365924
746,-0.08521864,0.11178289,0.11677617
747,-0.1587863,0.044074018,0.06398056
748,-0.26164785,-0.019373925,-0.0009986559
749,-0.3607811,-0.06730941,-0.04740287
750,-0.42103335,-0.103061296,-0.06551183
751,-0.48334947,-0.14726846,-0.06231613
752,-0.5132426,-0.18135592,-0.043674555
753,-0.53561246,-0.20858595,-0.0015312724
754,-0.5457322,-0.21284688,0.0394802
755,-0.54200387,-0.204325,0.07303504
756,-0.519634,-0.17017098,0.1306242
757,-0.4636427,-0.11584409,0.19780046
758,-0.3895424,-0.045472134,0.27190074
759,-0.35119402,-0.004460663,0.31184697
760,-0.26910448,0.0990001,0.40299097
761,-0.20192823,0.19706811,0.46803677
762,-0.1555906,0.24553621,0.5058525
763,-0.13481855,0.26577565,0.52023315
764,-0.11131685,0.29353827,0.5506589
765,-0.13854687,0.31164724,0.5474632
766,-0.18062358,0.33188665,0.52982026
767,-0.26697403,0.35958272,0.47975433
768,-0.31284562,0.3553218,0.4531235
769,-0.34693307,0.31377771,0.41470852
770,-0.36184636,0.22103585,0.3784906
771,-0.38048792,0.046737097,0.3262276
772,-0.40878317,-0.05665708,0.28148782
773,-0.4615122,-0.1419423,0.22123559
774,-0.5111121,-0.17230144,0.16151595
775,-0.5329494,-0.17496452,0.13861345
776,-0.59320164,-0.14407277,0.108786926
777,-0.61237586,-0.12063764,0.11730879
778,-0.6054518,-0.05505923,0.15672241
779,-0.551591,0.023301972,0.21005064
780,-0.45352295,0.119239524,0.26657456
781,-0.33308506,0.2290251,0.31983623
782,-0.22276686,0.32176694,0.35339105
783,-0.15346013,0.39799768,0.3657078
784,-0.111849464,0.45498765,0.35825118
785,-0.11025162,0.485946,0.35019535
786,-0.15505798,0.50512016,0.32835808
787,-0.23821273,0.49500048,0.29906416
788,-0.292007,0.4603804,0.27509642
789,-0.33042195,0.33135405,0.2542578
790,-0.31657395,0.21357922,0.25212735
791,-0.2818873,0.11764167,0.24520333
792,-0.25206077,0.080824554,0.21644203
793,-0.24407151,0.097402245,0.16471165
794,-0.24194105,0.11817429,0.13275467
795,-0.22702779,0.14054418,0.09706936
796,-0.21637546,0.13042447,0.09387366
797,-0.2040587,0.09473916,0.10505861
798,-0.21317975,0.03555215,0.11730879
799,-0.22223423,0.007323477,0.12955897
800,-0.2717676,-0.008721596,0.15778764
801,-0.2797568,0.038215235,0.18128935
802,-0.24779983,0.10752196,0.2089854
803,-0.1721017,0.17409903,0.23934455
804,-0.08149032,0.2093183,0.2649767
805,-0.006324821,0.21198137,0.2644441
806,0.028827868,0.20186166,0.24626856
807,0.014979839,0.1794252,0.21058325
808,-0.0143140685,0.15758792,0.18075673
809,-0.07190323,0.10006533,0.1370156
810,-0.12469884,0.013714875,0.09653674
811,-0.1523949,-0.09553809,0.063447945
812,-0.15452537,-0.19314006,0.040545434
813,-0.14547089,-0.21817304,0.035751883
814,-0.1033276,-0.20645547,0.022969088
815,-0.06710968,-0.14620323,0.010718907
816,-0.04314194,-0.094472855,6.6577064e-05
817,-0.026630826,-0.038015503,-0.028228676
818,-0.0217707,-0.02949364,-0.05059857
819,-0.016444534,-0.043874286,-0.069240145
820,-0.0047269715,-0.08488575,-0.08202294
821,0.010718907,-0.13395305,-0.08947957
822,0.017110305,-0.17922546,-0.099066675
823,0.027762637,-0.22456443,-0.11670959
824,0.038414966,-0.23468415,-0.12576407
825,0.04746945,-0.23574938,-0.13854687
826,0.060784858,-0.22456443,-0.14440565
827,0.077362545,-0.20485763,-0.14387304
828,0.10559122,-0.16484481,-0.13268809
829,0.13914606,-0.12702903,-0.120437905
830,0.15086363,-0.116909325,-0.11564436
831,0.16850655,-0.11744194,-0.11191604
832,0.18395242,-0.13448566,-0.11884006
833,0.19833307,-0.15951864,-0.12949239
834,0.20685494,-0.18994436,-0.15505798
835,0.20206138,-0.20059669,-0.16997124
836,0.2089854,-0.21817304,-0.19500422
837,0.21111587,-0.22403182,-0.20732097
838,0.22017035,-0.22776014,-0.21424499
839,0.23881193,-0.21018378,-0.2174407
840,0.27243334,-0.18135592,-0.20625575
841,0.2995968,-0.15898603,-0.19553684
842,0.31504267,-0.13128997,-0.18701497
843,0.31983623,-0.10625699,-0.18381928
844,0.3129122,-0.0966699,-0.19127591
845,0.30225986,-0.10572438,-0.2046579
846,0.2969337,-0.1259638,-0.21957116
847,0.29427063,-0.13927922,-0.23341918
848,0.29267278,-0.14460538,-0.23288657
849,0.2958685,-0.1579208,-0.24939768
850,0.30439034,-0.14620323,-0.24833246
851,0.3230319,-0.12170287,-0.24460414
852,0.33208638,-0.10359391,-0.24087581
853,0.34546837,-0.07796174,-0.23554966
854,0.3523924,-0.060918014,-0.22969086
855,0.3555881,-0.049733065,-0.22329947
856,0.36677304,-0.03961335,-0.22276686
857,0.37263182,-0.041211203,-0.22436471
858,0.3678383,-0.049733065,-0.23341918
859,0.34706622,-0.05985278,-0.24833246
860,0.32516238,-0.07742912,-0.26697403
861,0.31184697,-0.103061296,-0.28082207
862,0.30332512,-0.12809427,-0.29094177
863,0.3038577,-0.13981183,-0.29147437
864,0.30865127,-0.15099677,-0.2888113
865,0.31451005,-0.14034446,-0.28721344
866,0.3224993,-0.11318101,-0.28721344
867,0.3448692,-0.07689651,-0.27922422
868,0.3593164,-0.040678587,-0.2717676
869,0.3683709,-0.0055258963,-0.26750663
870,0.38275155,0.015845342,-0.25738692
871,0.39659956,0.023834588,-0.253126
872,0.4008605,0.016377958,-0.25046292
873,0.4104476,-0.004460663,-0.24300629
874,0.4104476,-0.01724346,-0.24087581
875,0.39979526,-0.02470009,-0.24407151
876,0.38008845,-0.02949364,-0.25152814
877,0.36091426,-0.033221956,-0.26484355
878,0.33315164,-0.048135217,-0.2717676
879,0.3091839,-0.0667768,-0.2797568
880,0.293738,-0.08595099,-0.28401774
881,0.28468353,-0.087016225,-0.28668085
882,0.27509642,-0.09127715,-0.28401774
883,0.26977026,-0.08435314,-0.27496326
884,0.27243334,-0.07050511,-0.26111525
885,0.27775952,-0.05239615,-0.25578907
886,0.29320538,-0.022037009,-0.22969086
887,0.30225986,-0.01564561,-0.2179733
888,0.3038577,-0.012449911,-0.21424499
889,0.30172727,-0.04280905,-0.18701497
890,0.29000968,-0.071037725,-0.17583002
891,0.26337886,-0.1387466,-0.15931891
892,0.24040978,-0.17549714,-0.1523949
893,0.15832026,-0.29546902,-0.13375331
894,0.08481918,-0.35405684,-0.12363361
895,0.021903854,-0.37542805,-0.11564436
896,-0.0644466,-0.35299158,-0.091077425
897,-0.10386022,-0.31251273,-0.06710968
898,-0.13055763,-0.22136874,-0.027696058
899,-0.130025,-0.08169006,0.04214328
900,-0.105990686,0.032356452,0.10186291
901,-0.075631544,0.13255493,0.16684212
902,-0.041544087,0.20772044,0.21005064
903,0.0037948927,0.30046228,0.2639115
904,0.04853468,0.36490887,0.30332512
905,0.08428656,0.40971527,0.32090145
906,0.08694965,0.42516112,0.3123796
907,0.07416685,0.4272916,0.29533586
908,0.022969088,0.4049217,0.25479043
909,-0.0015312724,0.39373675,0.23668146
910,-0.07137061,0.3041906,0.17489795
911,-0.13055763,0.20239428,0.13168943
912,-0.21424499,0.09953271,0.085884415
913,-0.26484355,0.05738943,0.06451318
914,-0.42529428,-0.03961335,0.008588442
915,-0.5159057,-0.11424624,-0.016511112
916,-0.5798197,-0.17283405,-0.014846685
917,-0.617702,-0.20219454,0.015512456
918,-0.63847405,-0.19846623,0.06557841
919,-0.63155,-0.16377957,0.12583065
920,-0.6075823,-0.11264839,0.1796915
921,-0.5095143,-0.009254212,0.2649767
922,-0.435414,0.050998032,0.3224993
923,-0.337346,0.13202232,0.3912734
924,-0.25472385,0.2093183,0.44133934
925,-0.18967806,0.2577864,0.469102
926,-0.13162285,0.25938424,0.4925371
927,-0.12949239,0.24127528,0.4856131
928,-0.17689526,0.23701435,0.4589823
929,-0.28135467,0.26684088,0.41524115
930,-0.337346,0.28661427,0.3912734
931,-0.47536024,0.34679994,0.3384778
932,-0.49300316,0.33082142,0.33048853
933,-0.4583165,0.24766667,0.32676023
934,-0.4290226,0.16930547,0.32462975
935,-0.41357672,0.12456568,0.3193036
936,-0.4093158,0.09633701,0.29533586
937,-0.41996813,0.10645673,0.26870504
938,-0.43008783,0.112848125,0.25212735
939,-0.43008783,0.08402026,0.23934455
940,-0.41517457,0.037150003,0.2377467
941,-0.4162398,-0.0033288533,0.23721407
942,-0.42742476,-0.034819804,0.23827931
943,-0.45725128,-0.024167474,0.23401839
944,-0.4806864,0.04087832,0.22549652
945,-0.47642547,0.13308755,0.22815959
946,-0.4348814,0.24340574,0.23827931
947,-0.35652018,0.32709312,0.26118183
948,-0.2659088,0.38095397,0.2836183
949,-0.20998406,0.39320415,0.28787923
950,-0.19500422,0.3692364,0.27456382
951,-0.20299347,0.34253898,0.26224706
952,-0.25791955,0.20878567,0.20525709
953,-0.30698684,0.09473916,0.1657769
954,-0.3543897,-0.030026255,0.1402113
955,-0.3799553,-0.108920075,0.12955897
956,-0.4029244,-0.17816022,0.12529804
957,-0.39866346,-0.18135592,0.12636326
958,-0.3570528,-0.14407277,0.13541774
959,-0.30805206,-0.09021192,0.13967869
960,-0.26164785,-0.033221956,0.1402113
961,-0.22170162,0.017975807,0.13648298
962,-0.19340637,0.05419373,0.13754821
963,-0.17849311,0.074965775,0.14180915
964,-0.14387304,0.10752196,0.15778764
965,-0.12256838,0.11444597,0.16897258
966,-0.09374051,0.118706904,0.1796915
967,-0.08095771,0.12136999,0.18395242
968,-0.07030538,0.13415278,0.18395242
969,-0.056457352,0.14587034,0.1802241
970,-0.04314194,0.16184884,0.1663095
971,-0.039413624,0.15705529,0.15512456
972,-0.031424373,0.13841371,0.11890664
973,-0.017509768,0.104326256,0.07250242
974,-0.012183603,0.05738943,0.025099553
975,-0.018042384,0.011051793,-0.025565593
976,-0.03355484,-0.043874286,-0.07456631
977,-0.04580502,-0.065178946,-0.10172975
978,-0.07935986,-0.10678961,-0.15346013
979,-0.09320789,-0.12063764,-0.17849311
980,-0.099066675,-0.13128997,-0.18701497
981,-0.09320789,-0.1323552,-0.18062358
982,-0.07137061,-0.13981183,-0.15825368
983,-0.018042384,-0.14247492,-0.12469884
984,0.049599912,-0.12915951,-0.08894696
985,0.11091739,-0.094472855,-0.053261653
986,0.14766793,-0.047069985,-0.029293908
987,0.17809364,0.0067908606,-0.023435127
988,0.22283344,0.06058513,-0.015445879
989,0.25698745,0.08348764,-0.029826526
990,0.24946426,0.06484606,-0.0516638
991,0.22602913,0.025965055,-0.08042509
992,0.20259401,-0.031091489,-0.120437905
993,0.17063701,-0.09607071,-0.16091676
994,0.15352671,-0.1579208,-0.19819991
995,0.150331,-0.2037924,-0.22329947
996,0.16158253,-0.21497734,-0.23981059
997,0.15938549,-0.21018378,-0.24300629
998,0.17116964,-0.19527052,-0.23927797
999,0.19194168,-0.16963837,-0.2307561
1000,0.21271372,-0.15419248,-0.21690807
1001,0.24413809,-0.12649642,-0.20998406
1002,0.27456382,-0.09880036,-0.19606945
1003,0.30225986,-0.07796174,-0.18275404
1004,0.32356453,-0.06251586,-0.17849311
1005,0.35185978,-0.03428719,-0.17050385
1006,0.36890352,-0.006591129,-0.161982
1007,0.38008845,0.028095521,-0.15505798
1008,0.38221893,0.05685681,-0.1523949
1009,0.36996874,0.07603101,-0.15612322
1010,0.34546837,0.08348764,-0.16943863
1011,0.32143405,0.07070484,-0.18062358
1012,0.31344482,0.048867565,-0.18914545
1013,0.3129122,0.033954304,-0.18541713
1014,0.30439034,-0.004460663,-0.18648235
1015,0.30119464,-0.022569625,-0.19553684
1016,0.29160753,-0.04334167,-0.2046579
1017,0.2841509,-0.072102964,-0.2147776
1018,0.28202045,-0.10572438,-0.23022349
1019,0.2809552,-0.13075735,-0.23981059
1020,0.2809552,-0.1515294,-0.24993029
1021,0.27616167,-0.14939894,-0.25046292
1022,0.2671072,-0.1323552,-0.24993029
1023,0.2671072,-0.11051793,-0.24300629
1024,0.28148782,-0.06304848,-0.22063638
1025,0.30865127,-0.045472134,-0.20306005
1026,0.32782546,-0.03215672,-0.18701497
1027,0.3352821,-0.028961023,-0.18541713
1028,0.35505548,-0.031624105,-0.18328665
1029,0.352925,-0.04014597,-0.18967806
1030,0.34972933,-0.06251586,-0.19926515
1031,0.35079455,-0.09933298,-0.20732097
1032,0.35399026,-0.12063764,-0.21584284
1033,0.35825118,-0.145138,-0.22063638
1034,0.35984904,-0.13608351,-0.23128872
1035,0.35984904,-0.10732222,-0.23554966
1036,0.35185978,-0.086483605,-0.23768012
1037,0.3416735,-0.08009221,-0.24140844
1038,0.34060827,-0.08754884,-0.24300629
1039,0.33634734,-0.11051793,-0.2467346
1040,0.325695,-0.11797456,-0.25099552
1041,0.30545557,-0.11957241,-0.26218048
1042,0.2905423,-0.11158316,-0.2717676
1043,0.27988997,-0.09500547,-0.2882787
1044,0.2905423,-0.08222267,-0.28721344
1045,0.30332512,-0.071570344,-0.28135467
1046,0.34220612,-0.03215672,-0.24993029
1047,0.35984904,0.011051793,-0.23128872
1048,0.37529492,0.047269717,-0.21371238
1049,0.38221893,0.061650362,-0.20039697
1050,0.36890352,0.04940018,-0.1944716
1051,0.33208638,0.035019536,-0.1976673
1052,0.27882475,-0.008188979,-0.20678836
1053,0.21537681,-0.08222267,-0.21637546
1054,0.15885288,-0.16591005,-0.22010377
1055,0.10292814,-0.2650433,-0.21957116
1056,0.056523927,-0.3338174,-0.21531023
1057,-0.004194355,-0.43880942,-0.20092958
1058,-0.039413624,-0.48148534,-0.18435189
1059,-0.06391398,-0.5006595,-0.16144937
1060,-0.11025162,-0.45851624,-0.09587097
1061,-0.11937267,-0.40046105,-0.0548595
1062,-0.11990529,-0.28854498,0.0037948927
1063,-0.11504517,-0.21764041,0.03468665
1064,-0.06391398,-0.016710844,0.13009158
1065,-0.04260932,0.046737097,0.1663095
1066,0.040012814,0.23488387,0.25638828
1067,0.09866721,0.35319132,0.30865127
1068,0.14926578,0.43581346,0.34593442
1069,0.18075673,0.49766356,0.35445628
1070,0.18821336,0.5370772,0.34593442
1071,0.17915888,0.54400116,0.32835808
1072,0.1497984,0.50352234,0.28787923
1073,0.08801488,0.40279123,0.2318879
1074,0.011251524,0.31004938,0.17596318
1075,-0.113979936,0.18588316,0.09014534
1076,-0.28082207,0.04620448,-0.006324821
1077,-0.36770514,-0.023634858,-0.050065953
1078,-0.47269717,-0.09933298,-0.08841434
1079,-0.5884081,-0.18135592,-0.114046514
1080,-0.6533873,-0.22403182,-0.12363361
1081,-0.7173679,-0.22722752,-0.12310099
1082,-0.73973775,-0.21018378,-0.11138343
1083,-0.73387897,-0.10572438,-0.03515269
1084,-0.68114996,-0.05825493,0.021371238
1085,-0.53241676,-0.027363174,0.13595037
1086,-0.40718532,-0.023634858,0.23242053
1087,-0.29680055,0.00039946238,0.31823838
1088,-0.25738692,0.03448692,0.3555881
1089,-0.18967806,0.21091613,0.43068704
1090,-0.17529741,0.34040853,0.4637758
1091,-0.15985154,0.41504142,0.48295003
1092,-0.14866659,0.45818335,0.5037221
1093,-0.16038415,0.42516112,0.5042547
1094,-0.18648235,0.36597413,0.49626544
1095,-0.22383209,0.2946035,0.48188478
1096,-0.33308506,0.15226175,0.41470852
1097,-0.39866346,0.08888038,0.37742537
1098,-0.4679036,0.009453943,0.34273872
1099,-0.49939457,-0.039080735,0.31397742
1100,-0.50259024,-0.04280905,0.3097165
1101,-0.47322977,0.01904104,0.31131434
1102,-0.4481968,0.06963961,0.30705342
1103,-0.41091365,0.13042447,0.29640108
1104,-0.38048792,0.17889257,0.28308567
1105,-0.3607811,0.19227456,0.27349856
1106,-0.3474657,0.1906767,0.26923764
1107,-0.35225925,0.1799578,0.2703029
1108,-0.36131373,0.1906767,0.2703029
1109,-0.35652018,0.21517707,0.27775952
1110,-0.33255243,0.24766667,0.26657456
1111,-0.31071517,0.26843873,0.25905135
1112,-0.27070233,0.28022286,0.24147502
1113,-0.26005,0.27269965,0.23348576
1114,-0.25845218,0.22582941,0.2121811
1115,-0.28028944,0.21251398,0.20632233
1116,-0.31071517,0.22050324,0.2057897
1117,-0.34533525,0.2545907,0.2089854
1118,-0.34906355,0.30951676,0.21803989
1119,-0.32296532,0.35319132,0.2377467
1120,-0.26058263,0.3590501,0.25212735
1121,-0.19713469,0.32176694,0.2537252
1122,-0.16304722,0.26950395,0.23881193
1123,-0.15985154,0.219438,0.20259401
1124,-0.17636265,0.16504455,0.15352671
1125,-0.19127591,0.09953271,0.11145
1126,-0.19393899,0.039813083,0.0885475
1127,-0.19021067,-0.025232708,0.077295974
1128,-0.19660208,-0.065711565,0.07303504
1129,-0.21317975,-0.08488575,0.068774104
1130,-0.22969086,-0.09074454,0.06557841
1131,-0.25419122,-0.08488575,0.07250242
1132,-0.2275604,-0.08914669,0.09387366
1133,-0.18701497,-0.08115744,0.121569715
1134,-0.15452537,-0.071037725,0.1497984
1135,-0.09320789,-0.04334167,0.17702842
1136,-0.006324821,-0.0076563624,0.18981121
1137,0.032023568,0.016377958,0.17862627
1138,0.054393463,0.0435414,0.1733001
1139,0.054393463,0.055258963,0.12902635
1140,0.029360484,0.021171506,0.08268871
1141,0.012316757,-0.04334167,0.040545434
1142,-0.0057922048,-0.116376705,-0.003129122
1143,-0.008455287,-0.14460538,-0.023435127
1144,-0.00952052,-0.20219454,-0.07296846
1145,0.0016644266,-0.19260745,-0.0969362
1146,0.017110305,-0.1712362,-0.11990529
1147,0.030425718,-0.15046416,-0.13162285
1148,0.04693683,-0.13501829,-0.1364164
1149,0.058121778,-0.124898575,-0.1332207
1150,0.0885475,-0.11318101,-0.12629668
1151,0.10505861,-0.109452695,-0.12256838
1152,0.12796111,-0.103061296,-0.11830744
1153,0.1529941,-0.09986559,-0.113513894
1154,0.16477823,-0.10465915,-0.11670959
1155,0.17756103,-0.123833336,-0.11564436
1156,0.18448505,-0.13768137,-0.120437905
1157,0.19460475,-0.16591005,-0.14653611
1158,0.19673522,-0.17602976,-0.16304722
1159,0.19460475,-0.17496452,-0.18541713
1160,0.19194168,-0.16750789,-0.20252743
1161,0.19780046,-0.16963837,-0.20838621
1162,0.22070296,-0.18774731,-0.20625575
1163,0.25698745,-0.21337949,-0.19234113
1164,0.28255305,-0.2171078,-0.18115619
1165,0.28308567,-0.21337949,-0.17636265
1166,0.28308567,-0.21337949,-0.17636265
1167,0.2995968,-0.17070359,-0.15612322
1168,0.3059882,-0.14939894,-0.15665583
1169,0.32462975,-0.101996064,-0.15346013
1170,0.3224993,-0.08009221,-0.15079705
1171,0.33102116,-0.071037725,-0.1523949
1172,0.32462975,-0.079026975,-0.15665583
1173,0.30865127,-0.09180977,-0.16251461
1174,0.28574875,-0.11584409,-0.17423217
1175,0.26231363,-0.13448566,-0.18648235
1176,0.24573594,-0.16697527,-0.19553684
1177,0.24520333,-0.19207484,-0.20359266
1178,0.24147502,-0.2139121,-0.21264714
1179,0.24200763,-0.21923827,-0.21158192
1180,0.24839902,-0.22456443,-0.20732097
1181,0.2478664,-0.2298906,-0.20625575
1182,0.25379178,-0.23521677,-0.20678836
1183,0.25538963,-0.22882538,-0.20359266
1184,0.2585853,-0.22190136,-0.2046579
1185,0.26231363,-0.19473791,-0.20732097
1186,0.2681724,-0.16058388,-0.21531023
1187,0.29160753,-0.12223549,-0.22010377
1188,0.31823838,-0.087016225,-0.22383209
1189,0.32516238,-0.064646326,-0.23182134
1190,0.32676023,-0.03535242,-0.25046292
1191,0.31504267,-0.019906541,-0.25685433
1192,0.3059882,-0.02470009,-0.26910448
1193,0.2974663,-0.04920045,-0.2760285
1194,0.29000968,-0.08222267,-0.28668085
1195,0.26604193,-0.12915951,-0.2963345
1196,0.254857,-0.15206201,-0.305389
1197,0.24307287,-0.16910574,-0.31018254
1198,0.24094239,-0.16484481,-0.30379114
1199,0.24254024,-0.14354014,-0.29686713
1200,0.24893165,-0.12223549,-0.2882787
1201,0.27243334,-0.09021192,-0.26484355
1202,0.31770575,-0.058787547,-0.23661488
1203,0.34706622,-0.03535242,-0.21903855
1204,0.38008845,-0.0140477605,-0.20625575
1205,0.39873004,0.012649642,-0.19393899
1206,0.39979526,0.051530648,-0.1880802
1207,0.39233863,0.0792267,-0.1944716
1208,0.38328415,0.08668334,-0.20092958
1209,0.37263182,0.0856181,-0.20572312
1210,0.35345763,0.096869625,-0.21158192
1211,0.34546837,0.0990001,-0.2179733
1212,0.33315164,0.089945614,-0.21957116
1213,0.32409716,0.07656363,-0.22329947
1214,0.31557527,0.05579158,-0.21957116
1215,0.29853156,0.006258244,-0.21584284
1216,0.2804226,-0.022569625,-0.22010377
1217,0.19194168,-0.13608351,-0.22276686
1218,0.12476542,-0.22776014,-0.22862564
1219,0.072569,-0.29280594,-0.23608227
1220,6.6577064e-05,-0.3604482,-0.2339518
1221,-0.07030538,-0.39513487,-0.22223423
1222,-0.13428594,-0.38181946,-0.19393899
1223,-0.16943863,-0.31624106,-0.14653611
1224,-0.17796049,-0.24427125,-0.1033276
1225,-0.15612322,-0.124898575,-0.029826526
1226,-0.07882725,0.021171506,0.08268871
1227,0.01338199,0.13362017,0.16471165
1228,0.08801488,0.24074267,0.24573594
1229,0.14926578,0.34360424,0.3193036
1230,0.18821336,0.39426938,0.3593164
1231,0.21537681,0.4432701,0.39233863
1232,0.1962026,0.45445505,0.3747623
1233,0.15405932,0.44220486,0.33208638
1234,0.11358047,0.40332386,0.28841186
1235,0.048002064,0.32869098,0.22656175
1236,-0.029293908,0.22742724,0.16204858
1237,-0.12256838,0.12776138,0.093341045
1238,-0.25525647,0.019573657,0.018175539
1239,-0.34160691,-0.028428406,-0.028761292
1240,-0.44233802,-0.073168196,-0.06604445
1241,-0.537743,-0.10998531,-0.083088174
1242,-0.61503893,-0.15472509,-0.075631544
1243,-0.6592461,-0.16910574,-0.036217924
1244,-0.6624418,-0.1579208,0.02563217
1245,-0.61503893,-0.13288783,0.106656455
1246,-0.54786265,-0.12702903,0.1701044
1247,-0.39220548,-0.09720252,0.28894445
1248,-0.26058263,-0.03428719,0.3747623
1249,-0.19660208,0.038215235,0.4290892
1250,-0.15292752,0.16238146,0.4728303
1251,-0.130025,0.35585442,0.49999374
1252,-0.12736192,0.49766356,0.49892852
1253,-0.14760135,0.5962642,0.49093926
1254,-0.17050385,0.6351452,0.47655863
1255,-0.21158192,0.63088423,0.44453505
1256,-0.23768012,0.5797531,0.4104476
1257,-0.28348514,0.39000845,0.32995594
1258,-0.31604132,0.2641778,0.28521615
1259,-0.37356392,0.08135717,0.23082268
1260,-0.44713157,-0.079026975,0.17862627
1261,-0.53880817,-0.177095,0.1338199
1262,-0.60385394,-0.23255369,0.09813459
1263,-0.62249553,-0.24746695,0.08961273
1264,-0.61344105,-0.27569562,0.10452599
1265,-0.5889407,-0.2714347,0.1210371
1266,-0.526558,-0.21178164,0.16471165
1267,-0.48281687,-0.15472509,0.19194168
1268,-0.4290226,-0.047069985,0.22336605
1269,-0.38528147,0.104326256,0.26604193
1270,-0.37356392,0.1837527,0.29640108
1271,-0.37143344,0.278625,0.32889068
1272,-0.3639768,0.34946302,0.3561207
1273,-0.3314872,0.37402993,0.37955585
1274,-0.2786916,0.3452021,0.39393649
1275,-0.22170162,0.27216703,0.39606696
1276,-0.16997124,0.18907887,0.38381678
1277,-0.1587863,0.14959866,0.36677304
1278,-0.17529741,0.088281184,0.29853156
1279,-0.23128872,0.066976525,0.24307287
1280,-0.29786578,0.07070484,0.1962026
1281,-0.3410743,0.04513925,0.15352671
1282,-0.3639768,0.012649642,0.12050448
1283,-0.37249866,-0.0017310036,0.11251524
1284,-0.37143344,-0.03695027,0.08428656
1285,-0.3543897,-0.048667833,0.08961273
1286,-0.32882413,-0.043874286,0.09866721
1287,-0.2632457,-0.016710844,0.11837402
1288,-0.2339518,0.005193011,0.12955897
1289,-0.15825368,0.10592411,0.16364643
1290,-0.10918639,0.19973119,0.18874598
1291,-0.077229396,0.2775598,0.20365924
1292,-0.051131185,0.33028883,0.20472448
1293,-0.037283156,0.35638702,0.19353953
1294,-0.038348388,0.3452021,0.16950521
1295,-0.052729033,0.3169734,0.14713532
1296,-0.07882725,0.24979715,0.11251524
1297,-0.10013191,0.12403307,0.06770887
1298,-0.09480574,-0.010852061,0.025099553
1299,-0.08734911,-0.05985278,-0.005259588
1300,-0.08628388,-0.10412653,-0.037815772
1301,-0.091077425,-0.12063764,-0.061783515
1302,-0.08575126,-0.13714875,-0.08149032
1303,-0.084686026,-0.13927922,-0.08628388
1304,-0.08255556,-0.13288783,-0.08521864
1305,-0.077229396,-0.116909325,-0.07350108
1306,-0.049000718,-0.09933298,-0.05059857
1307,-0.023901166,-0.08595099,-0.034087457
1308,0.046404213,-0.055591848,-0.002063889
1309,0.09760197,-0.028961023,0.01338199
1310,0.1605173,-0.0038614697,0.033621415
1311,0.20792016,0.016377958,0.038414966
1312,0.22815959,0.036617383,0.030958334
1313,0.2313553,0.04513925,0.02563217
1314,0.20206138,0.043008782,-0.023967743
1315,0.18768074,0.027030287,-0.046870254
1316,0.13488513,-0.04174382,-0.10925296
1317,0.108254306,-0.124898575,-0.14653611
1318,0.09440628,-0.20272715,-0.1721017
1319,0.09600413,-0.25013003,-0.19234113
1320,0.099199824,-0.26877162,-0.20039697
1321,0.11943925,-0.27036947,-0.21531023
1322,0.14873315,-0.24853218,-0.2147776
1323,0.18128935,-0.22083612,-0.21850592
1324,0.2057897,-0.19527052,-0.2174407
1325,0.2505295,-0.15365987,-0.21637546
1326,0.27456382,-0.13608351,-0.21690807
1327,0.2969337,-0.11957241,-0.21104929
1328,0.30705342,-0.111050546,-0.2014622
1329,0.30811864,-0.10572438,-0.19660208
1330,0.293738,-0.0966699,-0.18115619
1331,0.28202045,-0.079026975,-0.16943863
1332,0.27296597,-0.07796174,-0.15931891
1333,0.27190074,-0.086483605,-0.15505798
1334,0.2676398,-0.11424624,-0.15505798
1335,0.26977026,-0.13768137,-0.15985154
1336,0.28468353,-0.15579033,-0.16784078
1337,0.3065208,-0.1515294,-0.17742787
1338,0.325695,-0.12756166,-0.18701497
1339,0.33421686,-0.08861407,-0.18914545
1340,0.33368424,-0.058787547,-0.18435189
1341,0.3262276,-0.039080735,-0.18115619
1342,0.32356453,-0.033221956,-0.1715691
1343,0.31717312,-0.041211203,-0.16624293
1344,0.30705342,-0.05825493,-0.16730817
1345,0.2958685,-0.08275529,-0.17103648
1346,0.2836183,-0.103061296,-0.18381928
1347,0.2772269,-0.13821399,-0.20039697
1348,0.27190074,-0.1738993,-0.21903855
1349,0.261781,-0.20752071,-0.23554966
1350,0.2585853,-0.21178164,-0.23874535
1351,0.25265995,-0.21870565,-0.2339518
1352,0.25212735,-0.21337949,-0.23554966
1353,0.25212735,-0.18827994,-0.2307561
1354,0.25265995,-0.16218174,-0.22436471
1355,0.2639115,-0.13501829,-0.21531023
1356,0.28628138,-0.10998531,-0.21104929
1357,0.300662,-0.08914669,-0.2078536
1358,0.31877097,-0.07476604,-0.20945144
1359,0.33794516,-0.079026975,-0.20998406
1360,0.3555881,-0.10252868,-0.2174407
1361,0.36038163,-0.11424624,-0.22329947
1362,0.3523924,-0.17975807,-0.22915825
1363,0.33048853,-0.21124902,-0.23927797
1364,0.2841509,-0.236282,-0.26111525
1365,0.261781,-0.2266949,-0.27762637
1366,0.23614885,-0.18614948,-0.2888113
1367,0.24626856,-0.17230144,-0.28135467
1368,0.2510621,-0.15099677,-0.26431096
1369,0.2580527,-0.13288783,-0.25152814
1370,0.26657456,-0.11264839,-0.23554966
1371,0.27829212,-0.08435314,-0.22702779
1372,0.29533586,-0.047069985,-0.2275604
1373,0.31451005,-0.027363174,-0.22223423
1374,0.339543,-0.0140477605,-0.21957116
1375,0.3587838,-0.0017310036,-0.22010377
1376,0.36730567,0.012649642,-0.22329947
1377,0.37422967,0.028095521,-0.22809303
1378,0.36038163,0.036084767,-0.2371475
1379,0.33421686,0.04194355,-0.24460414
1380,0.31344482,0.044074018,-0.25365862
1381,0.30332512,0.039813083,-0.26005
1382,0.27243334,0.011051793,-0.26484355
1383,0.24893165,-0.019906541,-0.2696371
1384,0.1988657,-0.060918014,-0.26537618
1385,0.14234176,-0.11850718,-0.25578907
1386,0.09067796,-0.18082331,-0.24460414
1387,0.035219267,-0.24320601,-0.23128872
1388,0.009121058,-0.268239,-0.21850592
1389,-0.08788172,-0.33807832,-0.17742787
1390,-0.14387304,-0.35139373,-0.14120996
1391,-0.1747648,-0.33435002,-0.09746882
1392,-0.17796049,-0.28481668,-0.03994624
1393,-0.14973181,-0.20965117,0.032023568
1394,-0.10918639,-0.10838746,0.09653674
1395,-0.061783515,0.023301972,0.15778764
1396,-0.010585753,0.12403307,0.20845279
1397,0.10239553,0.26630825,0.293738
1398,0.19353953,0.35265872,0.3555881
1399,0.261781,0.41610664,0.38434938
1400,0.2905423,0.45498765,0.38701248
1401,0.27882475,0.4731632,0.37209922
1402,0.19780046,0.44912887,0.32143405
1403,0.11997187,0.40279123,0.27775952
1404,-0.04580502,0.2647104,0.1988657
1405,-0.19393899,0.11710905,0.12849373
1406,-0.30911732,0.01904104,0.076230735
1407,-0.44446847,-0.052928764,0.02083862
1408,-0.5622433,-0.06837464,-0.025565593
1409,-0.6331479,-0.04653737,-0.0484681
1410,-0.69499797,0.006258244,-0.055392116
1411,-0.6859435,0.03874785,-0.03195699
1412,-0.62143034,0.05579158,0.015512456
1413,-0.58095145,0.054726347,0.045871597
1414,-0.43008783,0.047269717,0.15885288
1415,-0.35332447,0.053128496,0.22815959
1416,-0.3064542,0.097934864,0.28255305
1417,-0.28721344,0.19280718,0.32196668
1418,-0.2664414,0.33508235,0.35771856
1419,-0.2403432,0.45179194,0.39766482
1420,-0.21531023,0.5024571,0.4301544
1421,-0.2040587,0.50512016,0.44453505
1422,-0.19926515,0.4726306,0.44939518
1423,-0.23554966,0.42516112,0.43228486
1424,-0.292007,0.36277843,0.3981974
1425,-0.35119402,0.30632108,0.3587838
1426,-0.39866346,0.2386122,0.32090145
1427,-0.43328354,0.17090333,0.29107493
1428,-0.45565343,0.12083737,0.27243334
1429,-0.46577314,0.111250274,0.26923764
1430,-0.45671865,0.12190261,0.27562904
1431,-0.4327509,0.1410768,0.29427063
1432,-0.40345702,0.1634467,0.31344482
1433,-0.37462914,0.17622949,0.32516238
1434,-0.35811803,0.18854624,0.31664053
1435,-0.34533525,0.19227456,0.30705342
1436,-0.3181718,0.18322007,0.2841509
1437,-0.29307222,0.15226175,0.2446707
1438,-0.30325854,0.11178289,0.22230081
1439,-0.31444347,0.047269717,0.20632233
1440,-0.36823773,-0.03428719,0.19034383
1441,-0.41197887,-0.061983246,0.18874598
1442,-0.47482762,-0.065178946,0.1930069
1443,-0.526558,-0.038015503,0.2089854
1444,-0.53721035,0.0035951615,0.234551
1445,-0.4774907,0.06963961,0.2639115
1446,-0.35652018,0.14853343,0.2958685
1447,-0.22596255,0.2481993,0.3123796
1448,-0.11131685,0.35958272,0.31557527
1449,-0.03515269,0.45498765,0.30492294
1450,-0.011650986,0.50831586,0.28148782
1451,-0.026098209,0.48701122,0.24254024
1452,-0.06870753,0.40119338,0.19087644
1453,-0.13961211,0.2711018,0.1370156
1454,-0.19393899,0.15865314,0.10186291
1455,-0.24513675,0.008921326,0.06717626
1456,-0.2882787,-0.11318101,0.032023568
1457,-0.3027259,-0.16005126,0.017110305
1458,-0.2983984,-0.15738818,0.012849374
1459,-0.2696371,-0.10785484,0.025099553
1460,-0.24194105,-0.044939518,0.045871597
1461,-0.1944716,0.027562905,0.077895164
1462,-0.13428594,0.09207608,0.10985216
1463,-0.0969362,0.11710905,0.12636326
1464,0.009653674,0.2066552,0.17170225
1465,0.07523208,0.2545907,0.19140907
1466,0.1178414,0.285549,0.20365924
1467,0.14500484,0.30578846,0.19407214
1468,0.15725502,0.3361476,0.16471165
1469,0.15352671,0.34040853,0.11145
1470,0.11943925,0.29194042,0.04853468
1471,0.059719626,0.17090333,-0.029293908
1472,0.002197043,-0.008188979,-0.10279499
1473,-0.04260932,-0.19527052,-0.16943863
1474,-0.07403369,-0.3466002,-0.22116901
1475,-0.092675276,-0.4345485,-0.25099552
1476,-0.10705592,-0.51983374,-0.28028944
1477,-0.11131685,-0.5358122,-0.28934392
1478,-0.109719,-0.5113118,-0.27922422
1479,-0.09640359,-0.4772244,-0.26377833
1480,-0.06870753,-0.40099365,-0.22436471
1481,-0.0217707,-0.31570843,-0.17849311
1482,0.037349734,-0.22456443,-0.11830744
1483,0.10452599,-0.15898603,-0.06497922
1484,0.16158253,-0.124365956,-0.020239428
1485,0.22123559,-0.103061296,0.008055825
1486,0.27616167,-0.09553809,0.019773388
1487,0.31131434,-0.09074454,0.0069905915
1488,0.31131434,-0.09074454,0.0069905915
1489,0.33687994,-0.093940236,-0.06284875
1490,0.34273872,-0.12223549,-0.10818773
1491,0.33687994,-0.13182259,-0.130025
1492,0.3129122,-0.13714875,-0.17316695
1493,0.27456382,-0.10572438,-0.21903855
1494,0.26284626,-0.09880036,-0.2403432
1495,0.2644441,-0.12010502,-0.26111525
1496,0.27190074,-0.1515294,-0.2765611
1497,0.27349856,-0.15206201,-0.2931388
1498,0.27562904,-0.1323552,-0.3085847
1499,0.27349856,-0.11477886,-0.31657395
1500,0.28202045,-0.08541837,-0.31657395
1501,0.28521615,-0.060918014,-0.2995302
1502,0.29533586,-0.047069985,-0.2856156
1503,0.2958685,-0.03854812,-0.25206077
1504,0.3065208,-0.028428406,-0.21371238
1505,0.31397742,-0.023634858,-0.19713469
1506,0.31983623,-0.037482888,-0.1816888
1507,0.3161079,-0.034819804,-0.17902572
1508,0.31557527,-0.02043916,-0.18328665
1509,0.31770575,-0.015112993,-0.18648235
1510,0.31877097,-0.017776076,-0.1875476
1511,0.31184697,-0.033754572,-0.19127591
1512,0.30758604,-0.053461384,-0.19553684
1513,0.30439034,-0.065178946,-0.19553684
1514,0.30865127,-0.086483605,-0.18594974
1515,0.3224993,-0.109452695,-0.17583002
1516,0.32356453,-0.11531147,-0.17263433
1517,0.33634734,-0.12649642,-0.17955834
1518,0.3230319,-0.12010502,-0.1976673
1519,0.2974663,-0.13022473,-0.22542994
1520,0.29480323,-0.13342044,-0.22915825
1521,0.2676398,-0.16804051,-0.253126
1522,0.24893165,-0.22190136,-0.26218048
1523,0.2446707,-0.25332573,-0.2664414
1524,0.24573594,-0.27729347,-0.2632457
1525,0.26071578,-0.28102177,-0.25152814
1526,0.26977026,-0.26983684,-0.23608227
1527,0.30119464,-0.21124902,-0.20891882
1528,0.31024912,-0.14247492,-0.19553684
1529,0.30492294,-0.060918014,-0.19234113
1530,0.30865127,-0.0055258963,-0.17955834
1531,0.3230319,-0.0027962367,-0.16890602
1532,0.3523924,-0.023634858,-0.15931891
1533,0.36730567,-0.048135217,-0.16091676
1534,0.36890352,-0.05825493,-0.15985154
1535,0.37316445,-0.072102964,-0.1651777
1536,0.36730567,-0.07370081,-0.17742787
1537,0.36357734,-0.073168196,-0.17796049
1538,0.352925,-0.06145063,-0.19926515
1539,0.35185978,-0.0476026,-0.2078536
1540,0.36410996,-0.02629794,-0.22010377
1541,0.3614469,0.004127778,-0.24140844
1542,0.34972933,0.02223674,-0.25365862
1543,0.3347495,0.022769356,-0.26058263
1544,0.31770575,-0.02629794,-0.25365862
1545,0.29853156,-0.06784203,-0.2435389
1546,0.2639115,-0.15419248,-0.22063638
1547,0.21537681,-0.23202106,-0.20412529
1548,0.15672241,-0.28747976,-0.1944716
1549,0.0885475,-0.3146432,-0.18435189
1550,0.026697403,-0.31730628,-0.17316695
1551,-0.016444534,-0.29280594,-0.14973181
1552,-0.03675054,-0.261315,-0.12629668
1553,-0.039413624,-0.19367267,-0.07616416
1554,-0.027163442,-0.13342044,-0.029826526
1555,-0.0068574375,-0.092342384,0.0075232084
1556,0.023501704,-0.034819804,0.05492608
1557,0.046404213,0.011051793,0.10559122
1558,0.06025224,0.05419373,0.15459195
1559,0.071503766,0.09047823,0.1988657
1560,0.07629731,0.10166318,0.21644203
1561,0.07310162,0.10379364,0.2313553
1562,0.04746945,0.10113056,0.23668146
1563,0.038947582,0.097934864,0.23561622
1564,-0.043674555,0.08721595,0.20738755
1565,-0.12203576,0.08135717,0.17383271
1566,-0.20299347,0.074965775,0.1370156
1567,-0.27070233,0.06005251,0.10931954
1568,-0.32030225,0.030758604,0.08694965
1569,-0.34853092,-0.0011983871,0.07410027
1570,-0.37569436,-0.040678587,0.06770887
1571,-0.39813083,-0.06837464,0.06983934
1572,-0.3991961,-0.065711565,0.08002563
1573,-0.39759824,-0.0476026,0.08908011
1574,-0.39759824,-0.0060585127,0.11730879
1575,-0.4002613,0.032889068,0.13648298
1576,-0.40079394,0.09633701,0.17489795
1577,-0.4061201,0.16983809,0.22869222
1578,-0.38474885,0.21837278,0.2772269
1579,-0.37569436,0.23275341,0.2905423
1580,-0.30052885,0.28661427,0.36357734
1581,-0.2467346,0.3009949,0.39766482
1582,-0.19926515,0.30312538,0.40618667
1583,-0.1875476,0.30259275,0.38594723
1584,-0.22170162,0.30046228,0.3448692
1585,-0.26058263,0.2908752,0.31770575
1586,-0.4194355,0.24873191,0.22336605
1587,-0.5004598,0.18801363,0.17649579
1588,-0.52602535,0.15545744,0.16364643
1589,-0.55744976,0.07230269,0.1631138
1590,-0.55105835,0.08615072,0.18714812
1591,-0.533482,0.12296784,0.21271372
1592,-0.50578594,0.19120933,0.24200763
1593,-0.4636427,0.2748967,0.2841509
1594,-0.4316857,0.31164724,0.31557527
1595,-0.38155314,0.31217986,0.35285845
1596,-0.337346,0.27969024,0.39180604
1597,-0.32456318,0.26364517,0.40139312
1598,-0.33308506,0.26684088,0.3912734
1599,-0.34959617,0.2748967,0.35771856
1600,-0.35332447,0.2754293,0.3358147
1601,-0.3474657,0.2519276,0.28521615
1602,-0.33308506,0.20772044,0.26337886
1603,-0.33308506,0.15758792,0.24680118
1604,-0.35119402,0.12456568,0.23721407
1605,-0.37516177,0.14160942,0.22762698
1606,-0.39546776,0.20505735,0.22017035
1607,-0.38794455,0.285549,0.22815959
1608,-0.3698356,0.36710593,0.25212735
1609,-0.34213954,0.40865,0.2708355
1610,-0.30106148,0.4118457,0.293738
1611,-0.25259337,0.3718995,0.29160753
1612,-0.2371475,0.32602787,0.27829212
1613,-0.2339518,0.30152753,0.26224706
1614,-0.26377833,0.22476417,0.21910512
1615,-0.29360485,0.15172912,0.16364643
1616,-0.2983984,0.13575064,0.14447223
1617,-0.28455037,0.12296784,0.09067796
1618,-0.28241992,0.11391336,0.06504579
1619,-0.292007,0.10113056,0.04214328
1620,-0.31657395,0.09846748,0.019240772
1621,-0.34267214,0.10166318,0.0048601255
1622,-0.3671725,0.105391495,-0.002063889
1623,-0.3709008,0.09580439,0.0075232084
1624,-0.3314872,0.047269717,0.050132528
1625,-0.27443066,0.024899822,0.07143719
1626,-0.14973181,-0.019373925,0.10239553
1627,-0.06231613,-0.01884131,0.11571094
1628,-0.0015312724,0.00838871,0.12050448
1629,0.033621415,0.038215235,0.11251524
1630,0.040012814,0.04833495,0.08748226
1631,0.01338199,0.03874785,0.063447945
1632,-0.022835933,0.005193011,0.023501704
1633,-0.0580552,-0.042276435,-0.010053136
1634,-0.069240145,-0.11371362,-0.04101147
1635,-0.057522584,-0.145138,-0.0484681
1636,-0.018042384,-0.16324696,-0.06284875
1637,0.0139146065,-0.14460538,-0.067642294
1638,0.022969088,-0.13768137,-0.069240145
1639,0.071503766,-0.08222267,-0.07829463
1640,0.09653674,-0.04653737,-0.08095771
1641,0.1274285,-0.016178226,-0.08042509
1642,0.15459195,0.01904104,-0.076696776
1643,0.18128935,0.046737097,-0.070838
1644,0.2121811,0.07390054,-0.06497922
1645,0.2313553,0.07390054,-0.06551183
1646,0.24040978,0.04513925,-0.070838
1647,0.24626856,-0.007123746,-0.07137061
1648,0.24413809,-0.06624418,-0.090544805
1649,0.23295315,-0.12063764,-0.11724221
1650,0.21484418,-0.16910574,-0.14387304
1651,0.20632233,-0.17869283,-0.1491992
1652,0.18395242,-0.21284688,-0.19819991
1653,0.16318038,-0.2171078,-0.23022349
1654,0.15885288,-0.20592286,-0.24993029
1655,0.163713,-0.18135592,-0.25525647
1656,0.18448505,-0.15525772,-0.24726722
1657,0.22070296,-0.12756166,-0.22809303
1658,0.2644441,-0.09340762,-0.1976673
1659,0.3027925,-0.05825493,-0.1587863
1660,0.32356453,-0.011384678,-0.12469884
1661,0.33634734,0.01904104,-0.09427312
1662,0.33687994,0.022769356,-0.07935986
1663,0.3416735,0.029160755,-0.05912043
1664,0.32729286,0.02063889,-0.060718283
1665,0.300662,0.0035951615,-0.07882725
1666,0.28574875,-0.0055258963,-0.09587097
1667,0.2836183,-0.022037009,-0.11937267
1668,0.2836183,-0.053994,-0.15186228
1669,0.27988997,-0.064113714,-0.17636265
1670,0.28628138,-0.054526616,-0.18648235
1671,0.29000968,-0.022037009,-0.18967806
1672,0.3001294,0.006258244,-0.18914545
1673,0.31504267,0.024367206,-0.18275404
1674,0.325695,0.0115844095,-0.17902572
1675,0.3315538,-0.025232708,-0.17423217
1676,0.32356453,-0.09074454,-0.18009096
1677,0.30172727,-0.16218174,-0.19713469
1678,0.2804226,-0.204325,-0.20838621
1679,0.24999687,-0.2458691,-0.23182134
1680,0.23082268,-0.2591845,-0.23608227
1681,0.22869222,-0.24799956,-0.22436471
1682,0.25379178,-0.22243397,-0.20252743
1683,0.28308567,-0.17975807,-0.17796049
1684,0.31131434,-0.11531147,-0.15825368
1685,0.33687994,-0.059320163,-0.14440565
1686,0.35399026,-0.030026255,-0.14493828
1687,0.35825118,-0.028428406,-0.14547089
1688,0.3683709,-0.05665708,-0.15346013
1689,0.37263182,-0.1515294,-0.16837339
1690,0.35771856,-0.19846623,-0.17583002
1691,0.3384778,-0.25172788,-0.19127591
1692,0.33102116,-0.2783587,-0.20359266
1693,0.31397742,-0.2981321,-0.22276686
1694,0.29427063,-0.2949364,-0.24779983
1695,0.27829212,-0.26451066,-0.2754959
1696,0.28628138,-0.2298906,-0.29526928
1697,0.31184697,-0.19846623,-0.29899758
1698,0.3358147,-0.16271435,-0.29040915
1699,0.34220612,-0.1419423,-0.285083
1700,0.35825118,-0.07370081,-0.2632457
1701,0.3614469,-0.04653737,-0.25152814
1702,0.3651752,-0.044406902,-0.24460414
1703,0.36624044,-0.06997249,-0.24407151
1704,0.3593164,-0.09607071,-0.24886507
1705,0.34546837,-0.18827994,-0.26111525
1706,0.33901042,-0.24746695,-0.27709374
1707,0.33634734,-0.2826862,-0.28721344
1708,0.33102116,-0.3146432,-0.2958019
1709,0.31451005,-0.31730628,-0.30059543
1710,0.28628138,-0.2944038,-0.2995302
1711,0.26284626,-0.25066265,-0.29473665
1712,0.24307287,-0.19846623,-0.28082207
1713,0.23508361,-0.18188854,-0.26857188
1714,0.21111587,-0.1738993,-0.22649518
1715,0.18927859,-0.19953147,-0.1976673
1716,0.15565717,-0.24320601,-0.16677554
1717,0.11145,-0.27249992,-0.13694902
1718,0.06504579,-0.29919732,-0.10492545
1719,0.03149095,-0.31251273,-0.06870753
1720,0.006457975,-0.3077192,-0.036217924
1721,-0.0143140685,-0.28481668,0.00059919356
1722,-0.028761292,-0.2458691,0.032556184
1723,-0.026630826,-0.20539024,0.06557841
1724,-0.020172851,-0.13501829,0.10239553
1725,-0.0057922048,-0.073168196,0.1306242
1726,0.016045073,-0.0060585127,0.15832026
1727,0.06238271,0.105391495,0.20365924
1728,0.09547151,0.21304661,0.23242053
1729,0.09227581,0.26577565,0.23401839
1730,0.06451318,0.33135405,0.21644203
1731,0.009121058,0.37775826,0.18395242
1732,-0.06817491,0.36011535,0.13009158
1733,-0.12256838,0.29566875,0.10772169
1734,-0.19926515,0.14533773,0.08268871
1735,-0.28135467,-0.019373925,0.05492608
1736,-0.32349795,-0.08595099,0.040545434
1737,-0.4295552,-0.1872147,0.006457975
1738,-0.4647079,-0.19260745,-0.006324821
1739,-0.5441343,-0.16537742,-0.011650986
1740,-0.56703687,-0.111050546,0.0069905915
1741,-0.5505257,-0.053994,0.049599912
1742,-0.52496016,-0.014580377,0.09440628
1743,-0.47642547,0.025432438,0.17915888
1744,-0.43914232,0.033421688,0.2313553
1745,-0.39759824,0.012117025,0.27988997
1746,-0.35492232,-0.0055258963,0.3230319
1747,-0.32669365,0.0057256273,0.3517932
1748,-0.29573533,0.07549839,0.38221893
1749,-0.27815896,0.14160942,0.3971322
1750,-0.2728328,0.2162423,0.40991497
1751,-0.27762637,0.27003658,0.41151282
1752,-0.29786578,0.31750602,0.4072519
1753,-0.3181718,0.34253898,0.39766482
1754,-0.32296532,0.35638702,0.39287126
1755,-0.3384112,0.3499956,0.384882
1756,-0.35652018,0.3521261,0.37529492
1757,-0.37889007,0.36817116,0.3561207
1758,-0.38794455,0.37722564,0.32782546
1759,-0.38368362,0.36118057,0.29906416
1760,-0.38048792,0.3228322,0.28202045
1761,-0.39813083,0.2556559,0.24946426
1762,-0.43701184,0.16717501,0.21377896
1763,-0.45085987,0.13042447,0.20152877
1764,-0.4935358,0.051530648,0.16471165
1765,-0.50791645,0.035019536,0.16098334
1766,-0.49886194,0.058454663,0.17223486
1767,-0.47322977,0.09207608,0.19247429
1768,-0.41091365,0.18694839,0.234551
1769,-0.37196606,0.24713406,0.25798613
1770,-0.3352155,0.2977992,0.28308567
1771,-0.29413748,0.3329519,0.3059882
1772,-0.27709374,0.32549527,0.31397742
1773,-0.27443066,0.29939705,0.3097165
1774,-0.28614822,0.2679061,0.3001294
1775,-0.3021267,0.2450036,0.286814
1776,-0.3181718,0.2226337,0.28468353
1777,-0.32403058,0.19493765,0.2772269
1778,-0.31710654,0.17569686,0.27296597
1779,-0.29786578,0.120304756,0.24946426
1780,-0.28614822,0.08455287,0.234551
1781,-0.2765611,0.015845342,0.20845279
1782,-0.28774607,-0.012982528,0.19034383
1783,-0.32349795,-0.027363174,0.14873315
1784,-0.33628076,-0.010852061,0.12955897
1785,-0.32935673,0.025432438,0.108254306
1786,-0.29147437,0.07603101,0.11091739
1787,-0.25099552,0.119772136,0.11943925
1788,-0.20565654,0.16504455,0.13595037
1789,-0.13748163,0.2226337,0.1561898
1790,-0.07509893,0.26044947,0.1657769
1791,-0.056989968,0.2609821,0.15725502
1792,-0.069772765,0.24660145,0.13541774
1793,-0.092675276,0.19760072,0.10133029
1794,-0.12789454,0.112848125,0.06451318
1795,-0.15026443,0.025432438,0.04374113
1796,-0.15505798,-0.04653737,0.02563217
1797,-0.15132967,-0.07476604,0.022969088
1798,-0.10865377,-0.071037725,0.0016644266
1799,-0.07456631,-0.040678587,-0.00046603946
1800,-0.015911918,0.020106273,-0.007922671
1801,0.032556184,0.06005251,-0.011650986
1802,0.059719626,0.059519894,-0.017576344
1803,0.061850093,0.02223674,-0.028761292
1804,0.04693683,-0.019906541,-0.038348388
1805,0.034154035,-0.08595099,-0.0548595
1806,0.02243647,-0.15525772,-0.060185667
1807,0.021903854,-0.21604258,-0.06657706
1808,0.018708155,-0.2394777,-0.067642294
1809,0.027230019,-0.22829275,-0.06710968
1810,0.037349734,-0.21870565,-0.06710968
1811,0.10186291,-0.15312725,-0.06231613
1812,0.15139624,-0.0966699,-0.052729033
1813,0.17489795,-0.07583128,-0.044739787
1814,0.234551,-0.008188979,-0.041544087
1815,0.26284626,0.028095521,-0.052196417
1816,0.26977026,0.045671865,-0.07296846
1817,0.27243334,0.047269717,-0.09533835
1818,0.2585853,0.017975807,-0.1358838
1819,0.23614885,-0.03695027,-0.1721017
1820,0.21537681,-0.08328791,-0.20252743
1821,0.18395242,-0.1643122,-0.23768012
1822,0.17276748,-0.20166193,-0.25365862
1823,0.16637608,-0.22349921,-0.2632457
1824,0.18075673,-0.20166193,-0.2627131
1825,0.2185725,-0.1259638,-0.23768012
1826,0.2649767,-0.050265685,-0.20359266
1827,0.2969337,0.0035951615,-0.1721017
1828,0.31877097,0.07336792,-0.13961211
1829,0.33368424,0.104326256,-0.120437905
1830,0.33368424,0.105391495,-0.106523305
1831,0.31770575,0.024367206,-0.114579126
1832,0.30225986,-0.0476026,-0.13428594
1833,0.27616167,-0.14886631,-0.16144937
1834,0.24147502,-0.23787984,-0.19234113
1835,0.21537681,-0.30186042,-0.20945144
1836,0.20259401,-0.31890413,-0.22329947
1837,0.18981121,-0.30878443,-0.21957116
1838,0.18128935,-0.2815544,-0.2147776
1839,0.17756103,-0.22403182,-0.19180852
1840,0.18555027,-0.18029068,-0.17636265
1841,0.1988657,-0.14300753,-0.1715691
1842,0.2185725,-0.13661614,-0.16890602
1843,0.23987716,-0.1483337,-0.16144937
1844,0.26231363,-0.18561685,-0.16091676
1845,0.2708355,-0.19686837,-0.16624293
1846,0.2740312,-0.17869283,-0.17423217
1847,0.2708355,-0.14460538,-0.1816888
1848,0.26604193,-0.08754884,-0.19500422
1849,0.2676398,-0.034819804,-0.1976673
1850,0.2841509,-0.02043916,-0.19393899
1851,0.30811864,-0.019906541,-0.18914545
1852,0.3230319,-0.019906541,-0.19606945
1853,0.31397742,-0.021504391,-0.2179733
1854,0.3027925,-0.01884131,-0.25525647
1855,0.30119464,-0.018308692,-0.2856156
1856,0.31184697,-0.01724346,-0.2931388
1857,0.32889068,-0.02789579,-0.27922422
1858,0.34327134,-0.03854812,-0.25791955
1859,0.34972933,-0.027363174,-0.23821273
1860,0.3491967,-0.0033288533,-0.22649518
1861,0.34433657,0.050465416,-0.21637546
1862,0.34060827,0.06857438,-0.21264714
1863,0.35079455,0.05579158,-0.21690807
1864,0.35665333,0.039280467,-0.22489733
1865,0.35505548,-0.03215672,-0.23608227
1866,0.34866408,-0.10465915,-0.23821273
1867,0.34759885,-0.17336668,-0.22969086
1868,0.3448692,-0.20325978,-0.20998406
1869,0.34706622,-0.20645547,-0.20732097
1870,0.3384778,-0.17816022,-0.18115619
1871,0.3384778,-0.14673585,-0.1715691
1872,0.3416735,-0.14087707,-0.16357985
1873,0.3555881,-0.16164911,-0.16038415
1874,0.36624044,-0.18082331,-0.16304722
1875,0.37209922,-0.1744319,-0.17955834
1876,0.36890352,-0.1483337,-0.19180852
1877,0.35718596,-0.13022473,-0.20572312
1878,0.34380397,-0.12809427,-0.21424499
1879,0.32516238,-0.13927922,-0.22063638
1880,0.30439034,-0.1579208,-0.23235396
1881,0.28148782,-0.18561685,-0.2339518
1882,0.24040978,-0.236282,-0.23288657
1883,0.18182196,-0.31411058,-0.22276686
1884,0.116243556,-0.39193916,-0.2179733
1885,0.02403432,-0.45052698,-0.20945144
1886,-0.031424373,-0.45904887,-0.19926515
1887,-0.09480574,-0.4276245,-0.18381928
1888,-0.12203576,-0.39406964,-0.17263433
1889,-0.14760135,-0.2581193,-0.112981275
1890,-0.11937267,-0.18242116,-0.055924732
1891,-0.06338137,-0.11797456,0.011251524
1892,-0.006324821,-0.03428719,0.079493016
1893,0.045871597,0.039280467,0.13648298
1894,0.0821561,0.07549839,0.17276748
1895,0.11837402,0.10166318,0.20312662
1896,0.15192886,0.14267465,0.23082268
1897,0.13168943,0.15545744,0.22283344
1898,0.04107805,0.18215485,0.1860829
1899,-0.056457352,0.17782734,0.14926578
1900,-0.12682931,0.15119651,0.1210371
1901,-0.18328665,0.10219579,0.09547151
1902,-0.24087581,-0.013515144,0.06983934
1903,-0.2632457,-0.07742912,0.062915325
1904,-0.29360485,-0.13501829,0.05279561
1905,-0.32403058,-0.12223549,0.04853468
1906,-0.35918325,-0.08115744,0.050665144
1907,-0.3895424,-0.015112993,0.050665144
1908,-0.4061201,0.044606633,0.06770887
1909,-0.40665272,0.12136999,0.12316757
1910,-0.38368362,0.14214203,0.18981121
1911,-0.35012877,0.14959866,0.25585565
1912,-0.3155087,0.15705529,0.31131434
1913,-0.30379114,0.16184884,0.33048853
1914,-0.2664414,0.20612259,0.37103397
1915,-0.24513675,0.23594911,0.37742537
1916,-0.21371238,0.27163443,0.37902322
1917,-0.19819991,0.3111146,0.37529492
1918,-0.21158192,0.33082142,0.3625121
1919,-0.26111525,0.35585442,0.32729286
1920,-0.3181718,0.36437628,0.28787923
1921,-0.35811803,0.36490887,0.25265995
1922,-0.40452224,0.3457347,0.21537681
1923,-0.43914232,0.29353827,0.19353953
1924,-0.45938173,0.19760072,0.17862627
1925,-0.474295,0.088281184,0.17383271
1926,-0.49034008,0.0014646954,0.18075673
1927,-0.48927483,-0.042276435,0.20738755
1928,-0.47642547,-0.02949364,0.2313553
1929,-0.44340324,0.017443191,0.27456382
1930,-0.41410935,0.10805458,0.3123796
1931,-0.38208577,0.25352547,0.33687994
1932,-0.35865065,0.3782909,0.35392368
1933,-0.31231302,0.5157725,0.36996874
1934,-0.28668085,0.5274901,0.38008845
1935,-0.26697403,0.46144563,0.38594723
1936,-0.25099552,0.28980997,0.38221893
1937,-0.25898477,0.13894634,0.36091426
1938,-0.26697403,0.07869409,0.3416735
1939,-0.32083488,0.017443191,0.2836183
1940,-0.3607811,0.03129122,0.24094239
1941,-0.36610729,0.06378083,0.21058325
1942,-0.34640047,0.09367393,0.20419185
1943,-0.3320198,0.103261024,0.20472448
1944,-0.31763917,0.11444597,0.2057897
1945,-0.3384112,0.103261024,0.19939831
1946,-0.36237895,0.0926087,0.19140907
1947,-0.39327073,0.06484606,0.17383271
1948,-0.39327073,0.041410934,0.17063701
1949,-0.38155314,0.03555215,0.17436533
1950,-0.34000906,0.042476166,0.18555027
1951,-0.25525647,0.06058513,0.20206138
1952,-0.1875476,0.082955025,0.21164848
1953,-0.14760135,0.11657644,0.21005064
1954,-0.13907948,0.14001156,0.20099616
1955,-0.15292752,0.15172912,0.1802241
1956,-0.17423217,0.13894634,0.16151595
1957,-0.20299347,0.112315506,0.13168943
1958,-0.20938487,0.09953271,0.10452599
1959,-0.19234113,0.10113056,0.093341045
1960,-0.1715691,0.120304756,0.085351795
1961,-0.1358838,0.16184884,0.08268871
1962,-0.09533835,0.19174194,0.08109087
1963,-0.08042509,0.20186166,0.0789604
1964,-0.04260932,0.18961148,0.076230735
1965,-0.035685305,0.16770762,0.06824149
1966,-0.029293908,0.13681586,0.053328227
1967,-0.040478855,0.09367393,0.029360484
1968,-0.049533337,0.047802333,0.0011318101
1969,-0.057522584,0.014247492,-0.033022225
1970,-0.046870254,-0.012449911,-0.056989968
1971,-0.039413624,-0.023634858,-0.07030538
1972,-0.03248961,-0.018308692,-0.083088174
1973,-0.026098209,-0.012982528,-0.08575126
1974,-0.011650986,-0.006591129,-0.07456631
1975,0.0069905915,-0.0017310036,-0.061783515
1976,0.048002064,0.011051793,-0.036217924
1977,0.0949389,0.030758604,-0.012183603
1978,0.14127652,0.06591129,0.002197043
1979,0.20632233,0.10272841,0.0037948927
1980,0.23348576,0.110717654,0.0016644266
1981,0.25159472,0.103261024,-0.017576344
1982,0.234551,0.06484606,-0.04314194
1983,0.19087644,0.00998656,-0.083620794
1984,0.12849373,-0.06784203,-0.13375331
1985,0.06557841,-0.14034446,-0.18222143
1986,0.030958334,-0.19953147,-0.22329947
1987,0.026164787,-0.22829275,-0.24886507
1988,0.034154035,-0.22296658,-0.25365862
1989,0.09653674,-0.18082331,-0.24726722
1990,0.143407,-0.13927922,-0.22915825
1991,0.22389866,-0.04600475,-0.19074328
1992,0.2639115,0.025965055,-0.16890602
1993,0.30439034,0.10858719,-0.14334042
1994,0.3448692,0.17196855,-0.113513894
1995,0.3651752,0.18588316,-0.098001435
1996,0.36357734,0.17889257,-0.09427312
1997,0.35079455,0.13894634,-0.0969362
1998,0.30811864,0.080824554,-0.114046514
1999,0.2740312,0.04620448,-0.12736192
2000,0.21271372,0.00039946238,-0.15505798
