,ax,ay,az
501,-0.67836523,-20.408983,-11.627323
502,2.4478576,-15.728024,-14.430216
503,3.6143587,-14.199907,-16.916658
504,5.7750773,-16.363018,-14.523536
505,11.876476,-19.081863,-16.708183
506,16.657934,-26.718557,-14.892629
507,15.900905,-33.133713,-19.211674
508,12.156735,-36.68167,-1.0513464
509,12.417852,-35.596527,20.07937
510,11.504991,-33.447773,28.329525
511,3.4633117,-27.391838,37.937904
512,-13.285849,-22.792534,37.156948
513,-16.524534,-17.071892,25.548466
514,-19.940588,-8.129615,9.927223
515,-19.334604,-4.586742,14.699109
516,-7.6755767,-4.234399,16.033407
517,0.023330022,-7.7799635,11.872289
518,5.9261246,-7.394121,11.965908
519,6.160621,-5.2645087,18.215662
520,7.8592257,-4.2367916,19.135702
521,10.269097,-4.301697,9.412168
522,11.246266,-5.899504,-2.970091
523,8.536993,-5.547161,-3.1546376
524,4.6372905,-4.3998027,-1.0393823
525,2.4116662,-3.5279179,-0.042771704
526,0.25812575,-1.707279,-0.2416751
527,0.18873389,-0.035294134,-2.3832514
528,0.06430711,1.2487543,-3.228815
529,-0.84855473,1.5481563,-1.8753748
530,-0.98973125,0.6858428,-1.0633105
531,-3.1767712,-3.293122,3.7277186
532,-0.00059820566,-6.3137617,3.7851462
533,2.399702,-12.101401,1.0615159
534,3.0418758,-20.578873,3.938586
535,6.527321,-59.857952,8.125727
536,-6.803692,-73.14829,1.9764715
537,-24.195026,-63.269222,18.397816
538,-30.96462,-50.43412,9.41456
539,-13.90888,-31.39473,8.906684
540,-6.5258255,-22.200907,9.802796
541,7.7994056,-20.924038,7.09113
542,26.834011,-16.494623,-14.509179
543,12.535101,-13.464413,-6.9562345
544,1.0079765,-9.015857,-2.8142586
545,0.8787641,-6.7761745,-5.006383
546,7.0208406,0.24975087,-10.9352
547,4.1054854,5.936892,-12.525828
548,0.57457656,8.71795,-12.183057
549,-4.645366,12.265609,-14.703297
550,-6.8635125,13.077673,-14.832509
551,-6.3939214,13.353147,-23.212173
552,-5.035695,12.086147,-27.238997
553,-2.2354946,11.561521,-22.308884
554,-0.1680958,10.3014,-16.38246
555,1.2930216,6.6649084,-9.830912
556,-0.8365906,3.2368908,-5.6793647
557,-1.428216,0.47258246,-4.936692
558,-0.79112697,-1.2592229,-2.7711878
559,-0.82941216,-3.2907293,0.54646087
560,-0.8676973,-4.6345983,1.8592232
561,7.7799635,-12.070294,70.26045
562,-4.4081774,-21.815065,3.8931224
563,0.485743,-12.935001,-24.544079
564,-4.362714,-11.715559,5.0883374
565,-5.7687964,-16.396519,25.131517
566,-2.0748763,-14.365011,-15.75255
567,-6.518647,-18.121145,-12.300604
568,-18.72623,-36.48516,-12.05863
569,-5.272884,-33.239296,-9.004491
570,2.265704,-22.99383,-9.222238
571,2.373381,-16.003496,-22.014267
572,0.22701904,-16.05883,-20.917158
573,2.2226331,-17.857635,-14.810974
574,2.656033,-20.634207,-9.648758
575,9.907183,-23.094328,-11.58186
576,19.865513,-27.818357,-14.11885
577,13.622639,-32.939896,-15.189638
578,8.716754,-38.284264,-8.412566
579,8.644969,-39.544086,20.860329
580,7.9310107,-35.02614,41.257946
581,-3.7854455,-20.844776,47.009693
582,-16.15574,-17.601305,33.051163
583,-21.524038,-11.646167,15.568602
584,-16.349857,-4.5891347,11.560923
585,-13.539787,-3.0439694,12.150155
586,-0.6664011,-4.912465,11.893824
587,4.9677987,-6.2611194,10.739287
588,6.5344996,-5.930611,12.58864
589,6.769295,-4.1674,18.323637
590,8.750254,-3.5374892,17.470596
591,9.397213,-5.1664033,4.3552365
592,8.793324,-6.007181,-4.1703906
593,5.729614,-5.278866,-3.0442686
594,2.5603201,-4.1578283,-0.8237292
595,1.2547364,-3.161218,-0.95802635
596,-0.62811595,-1.1587243,-2.0192432
597,-0.7070791,0.3792624,-2.5316064
598,-0.9562318,1.6944175,-2.71376
599,-1.320539,2.1254246,0.119940236
600,-2.5325036,1.7494525,1.7153547
601,-1.7515461,-1.9037895,3.191128
602,-0.587438,-4.5074797,3.7995033
603,0.95054877,-8.203793,1.3537394
604,2.8286154,-16.616957,-0.8069794
605,11.3686,-54.75795,13.657035
606,0.811466,-77.599236,-3.0610185
607,-10.732408,-76.097145,10.607682
608,-25.663322,-62.68956,12.545569
609,-10.425827,-32.57798,16.510178
610,-6.2694945,-23.132612,17.988045
611,9.066405,-20.828026,4.254738
612,18.729818,-16.365412,-15.110376
613,6.5871415,-11.296515,-6.721439
614,1.8990039,-6.7331038,-6.0484576
615,4.601398,-4.41416,-7.5646095
616,5.506782,-1.2161521,-14.95245
617,2.0165513,5.2540402,-12.832409
618,-1.7156538,11.235498,-12.882658
619,-6.2790656,13.051352,-15.381064
620,-9.328419,13.849059,-15.82912
621,-7.553543,13.691133,-21.025135
622,-5.0766726,12.172289,-24.407389
623,-3.112165,11.07518,-21.175882
624,-1.5550356,9.137292,-16.145271
625,-0.95383894,5.6204414,-9.507282
626,-1.5119648,1.2918252,-6.105885
627,-1.8595223,-1.5729818,-3.0155547
628,-2.1804597,-2.4762723,-1.506581
629,-2.1804597,-3.1516466,0.4651049
630,-0.2545365,-4.0645084,9.314062
631,2.3015962,-8.0817585,45.332623
632,1.6621144,-13.359129,49.987263
633,-0.58265233,-16.104294,-11.754442
634,3.5736806,-7.8278203,-29.363823
635,-3.1695926,-8.352447,-9.167203
636,1.5924234,-10.917851,14.26541
637,-2.9805596,-14.94228,-14.034802
638,-16.92952,-34.77968,-16.657934
639,-18.136698,-55.445587,-10.496715
640,-3.5817564,-40.854454,2.9802606
641,0.9314062,-21.968504,-11.284851
642,-1.2628121,-17.067106,-20.526829
643,-1.9959131,-17.47927,-17.434105
644,0.102592275,-18.94278,-16.04238
645,5.022834,-21.927826,-14.427823
646,12.78186,-25.945076,-13.979767
647,16.418352,-29.210083,-11.3351
648,15.651752,-33.519558,-7.7012997
649,19.549063,-33.100216,18.416958
650,16.178772,-31.869108,27.740292
651,2.0668006,-26.40719,45.634716
652,-13.551751,-21.783958,43.710888
653,-21.509682,-14.769997,23.114368
654,-22.328924,-8.189436,10.806286
655,-14.579469,-3.649952,11.915659
656,-5.730511,-6.9702926,16.584354
657,3.3580275,-7.451549,14.605789
658,5.669793,-6.4241304,14.394922
659,7.856833,-4.981857,16.179668
660,9.229416,-3.7746778,14.804394
661,13.414463,-4.1793637,-0.3062813
662,12.460923,-5.6742797,-4.2828536
663,8.204091,-4.5412784,-3.8204405
664,5.145167,-3.0846474,-2.888735
665,2.3518455,-1.6881363,-1.7243278
666,1.7626129,0.17796618,-1.5448661
667,1.5732809,1.7039888,-2.3952155
668,0.63918275,1.8260227,-2.5507488
669,-0.6472585,1.837987,-1.7291135
670,-0.4435695,1.3663018,-1.166202
671,-1.4760724,1.8284156,-1.1327025
672,-4.046562,-2.0306091,0.7860422
673,-1.8595223,-4.708776,2.3575284
674,1.192523,-5.575875,-0.9532407
675,0.5096712,-6.4145594,-3.6888351
676,13.761722,-57.33562,23.83311
677,0.6750751,-77.56783,9.536894
678,-20.836401,-77.09136,21.219551
679,-27.991837,-58.406406,15.183058
680,-22.197319,-45.822853,10.245768
681,-6.0227346,-21.740887,7.7425756
682,9.277272,-16.571493,3.193521
683,23.015364,-13.562519,-15.431612
684,14.451452,-12.532409,-8.249854
685,3.882654,-8.92493,-3.676871
686,2.0500507,-3.5781672,-5.535795
687,4.587041,-0.66999036,-8.532506
688,4.1054854,3.0550363,-12.530614
689,1.7769699,7.4769726,-10.650154
690,-2.6691937,10.459327,-11.500504
691,-6.61436,12.157932,-13.266108
692,-8.070991,12.457334,-13.287643
693,-5.6730833,11.233106,-26.577679
694,-2.2139592,9.707382,-24.014668
695,0.31345975,8.907282,-17.824734
696,0.6511469,6.3104715,-10.978271
697,-0.64247286,2.7125635,-6.2518473
698,-2.25703,0.8632108,-3.880261
699,-2.9327033,-1.096511,-1.7533408
700,-3.2105699,-3.67388,-0.14087744
701,-3.3326037,-5.061119,0.6903293
702,5.2743793,-12.829717,78.709206
703,-0.45074797,-19.8365,50.645885
704,6.4962144,-9.986146,-39.633217
705,0.31585258,-7.8493557,-14.784653
706,-1.3683954,-7.940283,3.112165
707,-1.9456639,-13.028321,14.471492
708,-4.132704,-18.806389,-11.641681
709,-21.33949,-48.86024,-14.463716
710,-21.085552,-58.92625,-14.964414
711,0.7923234,-28.579874,-7.0399833
712,2.7496524,-18.480667,-13.838591
713,3.4489548,-14.453845,-21.789043
714,2.5507488,-17.615662,-14.710475
715,4.412066,-18.2028,-13.756935
716,12.827324,-20.507088,-14.339289
717,20.993729,-25.127928,-11.134103
718,17.316559,-26.651558,-11.184352
719,12.34846,-30.335907,-7.0208406
720,9.626924,-34.28855,15.669399
721,9.18156,-31.835608,38.627636
722,-0.56350976,-25.501806,59.904613
723,-17.52593,-19.786251,47.0408
724,-26.1042,-12.2019,14.507384
725,-18.551254,-6.728318,4.8176494
726,-7.927122,-4.383053,12.186347
727,0.39960137,-8.378768,14.950655
728,7.0926256,-8.419446,12.940684
729,6.3332033,-6.3185472,14.426028
730,9.22463,-3.7794633,17.590536
731,11.677572,-3.5733814,10.262517
732,13.124333,-4.4117665,-1.8490537
733,11.7158575,-5.7604213,-3.2742786
734,7.4422765,-4.775775,-3.0514472
735,4.3666024,-3.702594,-2.8408787
736,1.4703895,-1.5538392,-2.4095724
737,1.4081762,0.16121642,-2.4622145
738,1.7650058,1.2631112,-3.0346973
739,0.74446696,1.8667008,-1.8370895
740,-0.00059820566,1.646561,-1.4656038
741,-0.87966144,1.0689936,-0.7160522
742,-1.8089739,0.8847462,-0.9170493
743,-2.105983,0.4989035,-1.166202
744,-2.2259233,-4.423731,2.0437696
745,-0.14416756,-4.7805605,0.2542374
746,1.4799608,-6.0023956,-3.0155547
747,8.67129,-42.572205,27.09094
748,1.451247,-77.45298,8.497212
749,-19.408783,-77.65906,21.765713
750,-19.76322,-63.238113,15.964015
751,-4.7482576,-31.44498,13.913366
752,-2.5516462,-22.042683,18.225233
753,20.857038,-16.413267,-8.834301
754,16.095022,-13.354343,-12.379567
755,4.28734,-8.484052,-5.7729836
756,4.881657,-6.1773705,-7.899904
757,7.7129645,-2.1577277,-14.399109
758,6.203991,0.7648059,-18.174385
759,3.2213376,8.159824,-15.865012
760,-1.1383854,12.052348,-15.337994
761,-8.947661,14.946169,-16.09263
762,-11.5468645,14.627624,-15.18246
763,-9.148957,12.857234,-22.023838
764,-5.641977,10.258329,-23.022842
765,-1.8424734,8.684451,-18.744474
766,0.08584251,6.18096,-12.698112
767,0.27008986,4.6695933,-7.610073
768,0.020937199,1.5936198,-3.6047873
769,-0.9275179,-0.12622139,-0.4334
770,-2.4367907,-1.5155541,-0.0212363
771,-3.5530424,-2.9315069,0.9275179
772,-3.1552358,-3.9134614,1.6124634
773,6.227919,-9.897612,66.712494
774,-0.1274178,-15.864714,48.14748
775,-0.096311115,-20.298615,13.039089
776,7.126125,-17.565413,-12.585649
777,3.202195,-26.421547,13.0462675
778,-4.58076,-26.946175,-17.32643
779,-10.087841,-31.634312,-15.84587
780,-12.598511,-36.549767,-6.71426
781,-5.0213385,-23.561527,-3.3197422
782,2.1891336,-14.817853,-11.109876
783,1.9734805,-12.923037,-16.775482
784,1.5302101,-14.769997,-15.299708
785,3.7339997,-16.087545,-17.24238
786,6.8195443,-18.188442,-12.178271
787,11.155339,-20.250757,-9.34457
788,17.036299,-26.112574,-9.792626
789,20.21277,-29.782566,-13.644473
790,10.194621,-34.37469,-16.099808
791,7.516454,-39.414875,-0.1794617
792,6.081658,-37.465023,26.005795
793,-2.5875385,-28.278078,61.90232
794,-15.748363,-19.706987,47.20351
795,-22.079771,-14.221442,20.067408
796,-25.392633,-10.163514,5.418846
797,-17.545073,-4.514658,4.5684967
798,-6.8922267,-3.336193,15.352948
799,1.829612,-2.9048867,14.49542
800,5.2983074,-4.505087,14.136198
801,9.341879,-5.382056,17.470596
802,11.850155,-5.302794,18.548563
803,12.602099,-4.39741,6.6311097
804,11.862119,-5.468198,-2.2728825
805,8.113164,-5.015356,-2.8313074
806,4.625326,-3.7459638,-2.2058833
807,2.6464617,-2.5049863,-1.7291135
808,0.05712864,-0.88325065,-1.5376877
809,-1.4162519,0.13010973,-2.4119651
810,-1.9025931,1.2726825,-3.0275187
811,-2.7553353,2.1230319,-1.1398809
812,-2.923132,0.4319045,1.3561323
813,-1.9025931,-3.7674992,3.0352955
814,-0.6233303,-6.943971,3.0858438
815,2.1050856,-11.928819,0.67118675
816,5.1260242,-19.74288,-0.59611195
817,8.400602,-52.75785,16.155441
818,2.3255246,-68.77899,9.424132
819,-13.700405,-61.09654,6.9352975
820,-29.89144,-54.1424,15.350555
821,-32.11467,-47.025246,-2.85045
822,-19.645971,-28.42434,-1.0872388
823,-3.1480572,-17.570198,3.0209386
824,6.4794645,-15.34248,4.499105
825,16.090237,-15.023935,-3.1618161
826,18.734606,-10.934601,-8.113164
827,5.3533425,-5.8393846,-5.8375897
828,0.34456646,-2.8115666,-4.996812
829,2.8836503,0.4749753,-3.353242
830,3.8730826,2.5734808,-6.62094
831,3.3891342,8.212466,-9.749257
832,2.0859432,11.604591,-9.876375
833,0.23898315,12.50519,-10.899307
834,0.4642076,11.944672,-17.877377
835,0.9768698,11.7361965,-22.150957
836,-0.026919255,10.818849,-19.417755
837,0.36131623,9.3358965,-16.207785
838,1.1398809,6.8518476,-11.869298
839,0.16002001,4.1665025,-8.321639
840,-1.3082758,0.38165522,-6.393323
841,-1.6701902,-1.7790636,-4.886443
842,-2.5181468,-3.4776685,-3.3197422
843,-3.2703903,-4.2945185,-0.5171488
844,-3.4211383,-5.2884374,2.661716
845,-2.9973094,-15.64906,77.63842
846,-3.9625144,-24.074188,26.305197
847,8.2710905,-11.480763,-47.85705
848,2.2130618,-13.4022,-0.71365935
849,-0.13938192,-19.661524,17.530716
850,-5.9748783,-23.415264,-1.9280169
851,-8.566903,-32.549267,-13.438391
852,-15.724434,-39.220757,-14.509179
853,-7.8170524,-26.622845,-12.904194
854,4.004688,-12.935001,-14.758332
855,7.5406814,-10.314262,-16.047167
856,4.599005,-11.78525,-13.7425785
857,4.855336,-14.475381,-10.607083
858,3.6861434,-17.237297,-7.3779697
859,6.7836523,-18.90928,-7.4593253
860,14.633606,-24.797419,-7.3489566
861,16.65554,-28.311579,-8.314461
862,18.294027,-32.47748,-26.165815
863,7.166803,-39.96343,-4.496114
864,8.601898,-39.398125,18.313766
865,5.523532,-29.37758,54.437912
866,-6.9065833,-18.705591,56.040504
867,-14.438292,-16.540087,28.0708
868,-23.58665,-11.612667,0.4339982
869,-17.140387,-6.745068,5.473881
870,-13.221242,-2.885744,14.313566
871,-4.5855455,-4.6872406,16.847864
872,1.4033905,-5.1065826,15.245272
873,5.128417,-4.9842496,18.414564
874,9.030513,-4.9770713,20.874685
875,10.872687,-4.328018,13.039089
876,11.943475,-4.955536,-0.7375876
877,9.909575,-4.881358,-4.019344
878,7.0758758,-3.7555351,-3.0514472
879,3.8635113,-2.370689,-1.5137594
880,1.3025929,-1.1419746,-1.2263216
881,0.1911267,-0.037686955,-1.5089738
882,-0.1585245,0.89431745,-2.4526432
883,-1.2173486,1.660918,-2.5507488
884,-1.7300107,2.0416758,-1.5616158
885,-1.9217356,2.3913271,-1.1614163
886,-1.5119648,-0.57906306,1.5047864
887,-2.1708884,-4.572385,3.7157545
888,-0.232702,-7.6983085,2.2519453
889,6.948757,-15.929319,0.71425754
890,11.117054,-39.055653,-2.510071
891,9.468997,-77.546295,6.1304116
892,-12.502499,-75.714,8.288737
893,-22.575684,-58.1764,13.422239
894,-21.140886,-39.371803,6.30778
895,-11.558829,-22.957638,6.8682985
896,-5.4574304,-17.086248,8.760722
897,8.192127,-15.131612,-4.840979
898,18.090338,-12.216257,-11.16521
899,4.167699,-8.318947,-6.925128
900,-0.98016,-3.391228,-7.5622168
901,0.38524446,-0.21954148,-9.064311
902,1.9830518,3.2153554,-7.77787
903,2.0691934,7.8580294,-10.824831
904,2.0045872,10.897812,-14.760725
905,0.20787647,11.769696,-15.917654
906,-1.8714864,10.991132,-20.845373
907,-3.670291,11.204392,-18.62962
908,-4.424927,10.835598,-16.121344
909,-2.923132,8.9312105,-12.506686
910,-2.2354946,7.8580294,-9.722936
911,-0.9514461,6.298507,-6.3622165
912,-2.242673,2.7003005,-3.3846476
913,-2.2307088,0.48454657,-2.6395824
914,-2.582753,-1.8293129,-0.97477615
915,-3.1432717,-3.0702906,0.75254273
916,-3.9673,-4.2921257,1.4976078
917,0.32063824,-12.714562,78.709206
918,-2.2498515,-15.843178,46.20002
919,-5.1963134,-17.603697,-16.28914
920,8.32134,-7.1617184,-15.824334
921,1.4919249,-13.445271,1.3680964
922,-5.9413786,-22.234407,0.94426763
923,-7.385746,-30.599417,-15.762121
924,-13.578073,-44.12664,-15.992131
925,-8.835198,-34.18775,-6.134599
926,0.21266212,-22.119253,-8.975478
927,5.226523,-13.744673,-14.9763775
928,4.0672,-13.828422,-13.330714
929,4.0767717,-17.050356,-13.6301155
930,9.900004,-18.533308,-16.375282
931,18.919151,-23.599812,-12.228819
932,20.303698,-26.910282,-11.689836
933,13.721044,-30.22105,-10.925629
934,10.048658,-33.030823,-19.202103
935,9.24138,-37.65645,-2.1077776
936,8.527422,-36.957146,39.79922
937,3.0586255,-26.196323,66.14958
938,-11.233106,-19.834106,45.818966
939,-18.143877,-14.549558,16.505392
940,-21.504896,-9.418449,2.9371898
941,-12.207882,-4.7781677,11.182557
942,-3.2919257,-4.4931226,19.003798
943,0.948156,-4.6585264,17.247765
944,6.3068824,-4.543671,16.411772
945,8.697611,-4.325625,17.906689
946,10.561321,-4.1985064,8.425427
947,11.984153,-5.398806,-2.469393
948,11.3422785,-5.319544,-4.42403
949,6.0984077,-4.553242,-2.716153
950,3.0729825,-3.3696926,-2.507678
951,0.5024927,-1.678565,-2.5459633
952,-0.5347959,-0.008973085,-3.7271204
953,-0.26650062,0.9708878,-3.8491542
954,-0.53240305,2.0632114,-3.4995031
955,-0.8006983,2.4993033,-0.7040881
956,-0.33589247,1.8403797,2.0581267
957,-1.2149557,-2.5049863,4.714758
958,-0.6735796,-5.408377,4.2020955
959,2.780759,-8.776276,-0.7304091
960,4.174877,-15.761522,-1.1614163
961,8.850752,-77.65906,23.13351
962,-6.53779,-77.65906,3.0041888
963,-26.585754,-67.63373,19.394426
964,-21.39961,-43.860737,13.180265
965,-11.036595,-24.16033,5.759225
966,-6.3125653,-17.944077,8.638389
967,10.376775,-15.057435,-8.402995
968,19.043877,-13.761422,-12.635899
969,11.88844,-10.467702,-6.450751
970,1.7626129,-5.549554,-4.922335
971,0.7540382,-2.0425732,-8.482257
972,3.3340993,1.6441683,-8.192427
973,3.484847,7.11775,-10.391431
974,3.8994036,10.248758,-11.023734
975,-0.74536425,12.303894,-12.714861
976,-2.7888348,12.402299,-13.685151
977,-3.6463625,12.006885,-20.831017
978,-3.545864,11.120644,-21.849163
979,-2.134996,9.905987,-17.151453
980,-0.75254273,8.375478,-13.447963
981,0.15284155,6.0062838,-6.7118673
982,-0.9299107,2.2740788,-4.1847477
983,-1.1503495,-0.20039889,-3.9427736
984,-2.3455644,-3.10379,-1.9160527
985,-3.5075788,-3.3768709,-0.53629136
986,-4.1350965,-4.9866424,1.1356934
987,3.3101711,-11.423335,76.32566
988,-2.7074788,-16.583458,41.564526
989,-8.344071,-15.6466675,-20.682362
990,5.142774,-6.6972113,-27.159733
991,0.33738798,-8.460124,-3.0323045
992,-1.5143577,-12.640385,13.304991
993,-3.5937204,-18.370298,-9.049954
994,-10.657931,-34.98546,-11.311172
995,-15.180665,-51.929035,-8.7984085
996,-3.2440693,-33.18426,-6.2757754
997,3.554538,-21.048464,-13.127025
998,5.358128,-16.238293,-15.800406
999,7.5239315,-16.688742,-20.014166
1000,12.992728,-17.953648,-20.517258
1001,17.608782,-24.028425,-13.512568
1002,12.911372,-27.061329,-10.393824
1003,14.487644,-28.438698,-10.1446705
1004,9.39482,-32.87499,-4.086343
1005,4.191627,-35.630028,17.616858
1006,6.1151576,-33.15525,35.54478
1007,-0.81266236,-24.059832,45.656254
1008,-12.488141,-22.421047,36.84558
1009,-16.428822,-15.515062,22.637897
1010,-21.579073,-10.628021,7.146165
1011,-16.182062,-4.234399,10.729716
1012,-5.689833,-2.248655,15.453746
1013,-0.67118675,-4.6728835,16.428522
1014,7.396813,-6.9798636,16.442879
1015,9.583853,-6.510272,18.867407
1016,10.659427,-5.1616178,14.79243
1017,11.464313,-5.391628,3.3155549
1018,10.894222,-5.8636117,-3.1043882
1019,7.90469,-5.3365927,-4.167998
1020,4.447958,-4.354339,-3.9140596
1021,1.1279168,-2.972185,-2.6252255
1022,-0.7692925,-0.6987042,-2.6778677
1023,-0.80548394,0.39601216,-3.1713872
1024,-1.8400806,1.4069797,-4.0217366
1025,-2.2139592,2.0153549,-2.1963122
1026,-1.6893328,2.0727825,0.7046863
1027,-0.19202402,-1.1132607,4.19731
1028,-1.0040882,-4.2224345,4.9229336
1029,0.59611195,-6.215656,1.9812572
1030,2.4909284,-11.270195,-1.1422737
1031,4.395316,-41.22594,-3.394219
1032,3.5401812,-77.45776,6.5641108
1033,-10.576575,-76.789566,4.688437
1034,-23.394926,-54.829735,19.331913
1035,-17.12603,-39.244682,13.649857
1036,-3.8093736,-19.663918,7.0142603
1037,-1.0546366,-17.18944,7.4240313
1038,17.615961,-14.918352,-9.057133
1039,16.499708,-12.868002,-9.140882
1040,2.7855446,-7.468598,-4.328317
1041,1.3169497,-2.9889345,-4.6564326
1042,4.28734,0.24735804,-7.181459
1043,4.57747,3.4166517,-10.640583
1044,3.173481,6.506982,-11.251351
1045,-0.73818576,9.235398,-10.355538
1046,-3.4354951,10.456934,-12.197713
1047,-5.7017975,11.144571,-15.601502
1048,-3.7181473,10.93849,-26.371897
1049,-2.906083,10.433006,-21.422642
1050,-1.6821543,9.549157,-15.570396
1051,-0.24975087,7.44108,-11.112268
1052,0.095413804,3.7423747,-8.010273
1053,-0.9634102,0.8488538,-4.927121
1054,-1.5311074,-1.474876,-3.2503505
1055,-3.2009985,-3.822534,-1.0393823
1056,-4.022634,-4.6704907,0.69272214
1057,-1.8858434,-5.2812586,29.050661
1058,3.6000016,-12.946965,70.75128
1059,-9.52493,-16.844574,-20.981764
1060,-0.9849456,-10.692926,-43.211983
1061,-0.9299107,-10.146765,-4.263711
1062,-7.7210402,-19.88675,38.390446
1063,1.5517455,-13.591232,-23.43022
1064,-7.294819,-29.749067,-12.930514
1065,-18.314066,-51.883274,-14.808581
1066,-4.9639106,-33.5722,-9.081061
1067,2.6201408,-19.908285,-14.765511
1068,3.9592242,-15.177075,-16.703398
1069,3.7100716,-15.601204,-15.551253
1070,5.135596,-17.939291,-13.9319105
1071,10.796117,-19.469799,-15.781263
1072,15.541383,-24.96761,-10.147063
1073,19.498812,-26.141289,-12.116057
1074,16.013367,-28.213472,-12.822838
1075,9.856934,-34.393833,-5.7391853
1076,8.589635,-38.308193,19.904396
1077,8.012366,-32.89204,46.923252
1078,-3.5697923,-21.347866,56.20591
1079,-15.901802,-17.3692,37.44199
1080,-21.332314,-12.50848,11.740684
1081,-18.45315,-6.4408803,5.8525453
1082,-10.547861,-3.6762729,11.12513
1083,-1.1312069,-5.2716875,15.245272
1084,5.4589257,-5.6072807,13.340883
1085,6.052944,-5.1065826,13.95883
1086,9.538389,-3.441477,15.190236
1087,12.50878,-3.2117662,4.721936
1088,12.836895,-4.5747776,-3.4013975
1089,9.610174,-4.8502517,-3.3388848
1090,5.374878,-3.8871403,-1.5568303
1091,2.57707,-2.3515465,-0.93619186
1092,1.1398809,-0.95742816,-1.5161523
1093,0.70618176,0.17078772,-2.7711878
1094,0.26291138,1.0163515,-3.3269207
1095,-0.5802595,1.6824534,-2.9006991
1096,-1.5239289,1.7518452,-1.3483555
1097,-2.2498515,1.6271194,0.4004987
1098,-0.97776717,0.30987054,2.4532413
1099,-1.2819548,-4.3112683,3.3756745
1100,-0.098703936,-6.0287166,1.9573289
1101,3.0729825,-8.9057865,-1.6980067
1102,8.647362,-40.61966,20.565712
1103,3.9137604,-77.65906,4.2308097
1104,-13.551751,-77.65906,11.400603
1105,-26.39403,-61.271515,14.91237
1106,-21.73012,-37.812283,7.06451
1107,-6.2718873,-19.17997,7.3160553
1108,-1.1144571,-17.577375,7.5604224
1109,15.3906355,-14.350655,-7.4066834
1110,18.761225,-12.376875,-12.607184
1111,2.3781667,-7.8110704,-5.4517474
1112,-0.9179466,-3.8464625,-6.5464635
1113,-0.39810586,-0.30837503,-7.6124663
1114,-0.34307095,3.3903306,-7.9576306
1115,2.3829522,8.217252,-11.390434
1116,1.1685947,10.960025,-9.818948
1117,-3.0643084,12.076576,-9.823733
1118,-4.9256253,12.279965,-11.16521
1119,-3.6200416,11.317154,-23.504398
1120,-2.1804597,10.706087,-19.867905
1121,-0.6759724,9.482158,-15.587146
1122,0.2318047,8.133503,-10.822437
1123,-0.38853458,5.395516,-6.558428
1124,-1.1192428,2.1254246,-5.257929
1125,-1.5936198,-0.7680961,-3.4851463
1126,-2.8151557,-2.7493532,-1.0513464
1127,-2.5325036,-3.5973098,0.1896312
1128,-2.120639,-4.636991,0.90329057
1129,7.85444,-9.933504,78.709206
1130,4.88405,-15.881463,34.50271
1131,-5.8429737,-13.0666065,-31.94119
1132,-0.695115,-12.106187,-13.514961
1133,-1.8547367,-15.7642145,12.550355
1134,-7.8433733,-22.600807,-1.7027924
1135,-3.3804603,-26.459833,-17.041384
1136,-19.310677,-53.366226,-9.509675
1137,-7.591828,-38.21697,-5.799305
1138,1.1997014,-23.398516,-8.946764
1139,4.735396,-16.085152,-13.953446
1140,5.753542,-15.0526495,-21.022741
1141,7.993224,-15.922141,-19.52304
1142,12.923336,-16.300806,-16.540686
1143,18.528822,-20.487946,-10.762617
1144,23.25734,-21.664316,-12.975978
1145,12.41546,-25.444378,-10.360324
1146,4.955835,-32.300114,-5.595616
1147,5.940481,-36.5067,13.848761
1148,2.3159533,-33.457344,50.847183
1149,-11.196915,-24.464518,54.620064
1150,-22.173092,-18.796818,31.24488
1151,-24.719652,-12.71217,17.097017
1152,-15.92573,-6.3400826,8.367701
1153,-6.381957,-5.8537416,13.707285
1154,2.1577277,-4.785346,13.103695
1155,6.9969125,-5.631209,12.696317
1156,7.9477606,-4.6704907,13.997115
1157,10.422238,-3.036791,13.530215
1158,11.660823,-3.1013973,5.148158
1159,12.78186,-4.435695,-2.7831519
1160,11.004591,-4.5218368,-3.4923246
1161,5.473283,-3.6978083,-1.3674982
1162,2.5459633,-2.3084757,-1.6525432
1163,1.2619148,-1.0148559,-1.5855441
1164,0.7492526,0.15643078,-1.9902302
1165,0.55034924,1.2655041,-2.7927232
1166,-0.9131609,1.809273,-1.654936
1167,-1.9193429,2.1158533,1.2269198
1168,-2.8295128,-1.2544373,2.4675984
1169,-1.9504496,-4.855037,2.9156544
1170,-0.13938192,-6.0693946,2.1275184
1171,3.065804,-9.7704935,-0.14596218
1172,6.6278195,-28.606195,8.248059
1173,8.584849,-73.26075,4.9253263
1174,-7.917551,-77.52955,2.5226333
1175,-24.338894,-63.55905,19.638494
1176,-27.318855,-45.271904,9.948758
1177,-17.521145,-28.225437,2.8845477
1178,-6.1160545,-19.22304,9.115159
1179,7.1476603,-18.459131,2.21366
1180,21.379272,-13.648959,-13.805091
1181,8.343174,-10.520344,-5.68415
1182,1.20688,-5.5926247,-3.9427736
1183,5.2815576,-2.900101,-6.524928
1184,6.242276,0.19232312,-11.227423
1185,6.407381,4.5185466,-12.659826
1186,2.1361923,10.569695,-11.692228
1187,-2.242673,13.223934,-14.403895
1188,-5.665905,13.511373,-13.227524
1189,-5.38086,14.553447,-18.308384
1190,-4.3124647,12.172289,-28.712076
1191,-1.5263218,10.636695,-22.07648
1192,0.23659034,8.413763,-15.512968
1193,0.78753775,5.1607203,-8.623434
1194,-1.0423734,1.6776677,-5.193023
1195,-1.6701902,-0.29162526,-5.2073803
1196,-2.0676978,-2.4475584,-3.0514472
1197,-3.054737,-4.6058846,-0.3684947
1198,-2.772085,-7.217052,2.9515467
1199,2.1385853,-14.829818,69.65417
1200,-2.0222342,-21.688246,21.588644
1201,2.035694,-12.216257,-38.3731
1202,-1.5936198,-13.981861,2.0150557
1203,-11.884552,-25.913671,37.621754
1204,1.5182459,-19.917856,-21.120848
1205,-11.479567,-35.11497,-15.366707
1206,-14.3207445,-39.5393,-12.521043
1207,-0.65922266,-21.551556,-9.502497
1208,3.8970108,-15.047863,-12.2838545
1209,4.5675993,-12.336197,-17.321644
1210,5.10419,-12.635599,-22.392931
1211,6.5632133,-15.277873,-14.837295
1212,6.5751777,-17.474485,-12.130414
1213,12.64547,-20.281864,-12.159128
1214,19.10609,-26.74757,-11.775977
1215,20.272593,-30.120253,-12.700504
1216,10.767403,-35.773598,-21.908983
1217,7.6746798,-43.546978,-0.5051847
1218,6.582356,-40.770706,47.38088
1219,-4.0968113,-24.869503,77.1784
1220,-17.494823,-18.744177,40.83651
1221,-24.657438,-12.573385,4.781757
1222,-17.57618,-5.278866,1.0758729
1223,-7.07438,-3.1372895,16.620247
1224,2.6536403,-5.415556,12.655639
1225,7.41117,-7.0229344,11.92523
1226,8.273483,-6.2180486,18.402601
1227,9.768399,-5.9042897,21.327528
1228,11.809477,-5.0249276,14.720645
1229,13.174882,-5.142475,0.33559337
1230,10.5996065,-6.047859,-4.4578285
1231,7.0399833,-4.5388856,-3.176173
1232,3.5114672,-2.792424,-2.4071796
1233,1.0869397,-1.3911272,-2.0455642
1234,-0.25692934,-0.26051855,-1.6046867
1235,-0.66161543,0.5949155,-2.0021944
1236,-1.7491534,1.8690935,-1.6190436
1237,-3.2799616,2.5064816,1.7659031
1238,-2.053341,2.5902305,1.8735801
1239,-3.5650067,-2.545664,3.8907297
1240,-1.1814562,-6.2659054,3.5838501
1241,1.5732809,-8.9775715,0.31166515
1242,5.3246284,-18.21955,-1.288535
1243,12.566207,-56.70541,-6.7022963
1244,8.673683,-77.54391,6.964011
1245,-18.282959,-73.74949,14.854942
1246,-28.248169,-58.974106,18.874584
1247,-29.532217,-42.744488,8.542676
1248,-14.148162,-23.161327,2.7789643
1249,-8.207381,-16.116259,7.416853
1250,7.2556367,-14.523237,-2.917449
1251,21.005693,-10.570593,-15.1295185
1252,8.192127,-8.100901,-5.8304114
1253,0.86919284,-2.8354948,-5.154738
1254,-0.6305088,0.17796618,-9.991231
1255,3.6454654,3.7064822,-7.4856467
1256,3.094518,7.089036,-9.926624
1257,5.032405,11.180464,-11.002198
1258,1.6525432,13.6453705,-11.553146
1259,-0.7429714,13.906487,-21.427427
1260,-0.98973125,13.686347,-28.161129
1261,-1.5741782,13.928022,-20.207985
1262,-1.8858434,11.400903,-14.473287
1263,-1.4736797,7.335796,-9.8117695
1264,-1.9121644,3.1555347,-7.1072817
1265,-2.5348964,0.75284183,-4.65404
1266,-3.071487,-1.355235,-3.2814572
1267,-4.2981076,-3.716951,-0.93619186
1268,-4.008277,-6.409774,2.3216362
1269,-2.8462625,-15.74238,78.709206
1270,0.47377887,-25.267012,47.85765
1271,6.378667,-17.941683,-48.228237
1272,2.7640092,-15.634703,-11.526825
1273,1.2954143,-19.764416,8.944969
1274,-4.9782677,-23.571098,-5.5262237
1275,-9.89163,-29.401508,-16.981264
1276,-17.243279,-33.86442,-14.238491
1277,-7.143772,-20.940788,-7.3226357
1278,2.5339992,-12.187543,-12.779767
1279,3.9592242,-10.558629,-21.897018
1280,5.346164,-11.993425,-17.59951
1281,5.590531,-16.303198,-11.196317
1282,1.6211374,-19.285553,-7.3803625
1283,5.238487,-20.121544,-11.742478
1284,15.337994,-24.656242,-13.8601265
1285,22.668106,-27.60749,-18.466608
1286,16.068401,-32.132618,-13.333107
1287,9.12144,-39.237507,-17.50589
1288,8.989835,-45.116074,-7.2699933
1289,-1.0809577,-43.15665,58.64928
1290,-13.218849,-28.388449,78.50791
1291,-25.342384,-17.737995,38.977585
1292,-19.751255,-10.843674,11.824432
1293,-13.422539,-7.1066833,3.301198
1294,-1.11685,-5.048856,12.619746
1295,3.8898323,-2.9626136,12.507284
1296,6.5081787,-2.9650064,12.754044
1297,8.1586275,-3.051148,15.089438
1298,10.316954,-3.5470605,13.800903
1299,11.696715,-3.6451662,4.2714877
1300,10.587642,-4.2681975,-1.7482561
1301,7.5068827,-3.7555351,-1.9854445
1302,3.825226,-2.8522446,-1.3531412
1303,1.6453646,-2.1194427,-1.0657034
1304,0.28205398,-0.8952148,-1.8921245
1305,-0.46031925,0.39601216,-2.929413
1306,-0.369392,1.9124635,-3.5473595
1307,-1.0208379,2.7293134,-2.7855446
1308,-3.464508,1.3806586,2.3742783
1309,-3.612863,-2.9482565,4.4081774
1310,-1.7228323,-6.064609,4.360022
1311,0.84047896,-12.099009,2.2112672
1312,6.814759,-21.64996,3.2270205
1313,14.472988,-51.19833,10.70818
1314,5.6264234,-77.65906,2.2737796
1315,-13.803296,-70.25447,15.829719
1316,-30.016165,-56.099426,12.866507
1317,-26.799015,-42.91707,1.4712868
1318,-11.616257,-25.415665,0.6158527
1319,-4.3483567,-18.32005,4.7985067
1320,10.661819,-15.953248,-0.58654064
1321,21.89672,-11.397015,-15.984953
1322,12.020045,-9.931111,-6.335895
1323,1.3217354,-4.328018,-4.8936214
1324,-1.4377873,-0.94785684,-8.769695
1325,1.5828521,2.9952157,-7.0208406
1326,3.0107691,7.6088767,-9.4737835
1327,3.0681968,11.443974,-10.664512
1328,-0.7405786,13.863416,-12.650255
1329,-0.9586246,13.712668,-15.35235
1330,0.7683952,12.974782,-25.432714
1331,-0.47228336,12.629916,-22.749762
1332,-0.091525465,11.178071,-19.08934
1333,0.7013961,7.920243,-14.164313
1334,-0.99690974,4.2981076,-7.818548
1335,-2.245066,1.320539,-5.906982
1336,-2.8103702,-1.340878,-3.6409788
1337,-3.6918263,-3.712165,-1.4464613
1338,-5.2680984,-5.595317,1.1500504
1339,-2.9877381,-9.765707,42.707397
1340,-3.1624143,-19.747665,71.02676
1341,-3.5650067,-25.23112,30.499815
1342,8.311769,-12.664313,-49.1073
1343,5.997909,-6.3903317,-16.193129
1344,-0.30957142,-8.189436,-6.1178493
1345,-3.519543,-12.477374,-1.1973087
1346,-10.643574,-30.007792,-8.062915
1347,-20.302202,-53.48826,-17.527426
1348,-12.643974,-36.957146,-8.992527
1349,0.3182454,-19.788643,-5.0901318
1350,3.9113677,-14.178371,-7.9022965
1351,5.6817575,-12.7648115,-15.970595
1352,2.4454648,-17.10569,-10.503893
1353,5.9213386,-17.687744,-14.765511
1354,16.162022,-24.181866,-13.948661
1355,15.531812,-29.418558,-13.709079
1356,13.146168,-34.806,-18.763618
1357,12.865609,-34.49433,4.5565324
1358,15.517455,-32.69792,24.925436
1359,14.324633,-25.532913,39.006298
1360,5.7343993,-21.4032,44.362633
1361,-9.34786,-18.286549,38.107796
1362,-13.693227,-12.87518,24.29074
1363,-19.550259,-9.6173525,8.432606
1364,-15.937695,-4.9363933,6.1304116
1365,-4.92084,-3.7339997,13.474881
1366,1.2786646,-6.2108703,14.351851
1367,6.5105715,-6.558129,15.283556
1368,7.880761,-6.189335,18.450457
1369,11.078769,-4.792824,18.323637
1370,12.1663065,-5.0440702,3.83061
1371,11.207981,-6.213263,-5.8974104
1372,7.066304,-5.494519,-4.8792644
1373,2.8118658,-4.36391,-3.2312078
1374,1.2690933,-3.1133614,-3.4396825
1375,-0.36460635,-0.811466,-3.1785657
1376,-0.6041877,0.6044868,-3.0514472
1377,-1.454537,1.605584,-3.4707892
1378,-1.8257236,2.0871396,-2.7975087
1379,-2.094019,2.62373,0.19441684
1380,-1.7156538,0.67148584,4.8176494
1381,-1.4808581,-4.1027937,5.931508
1382,0.13130614,-6.4959154,3.7037904
1383,3.3628132,-11.040185,-1.5831513
1384,10.103694,-37.584663,1.6938193
1385,11.622538,-77.65906,6.9305115
1386,-13.182958,-77.65906,11.273485
1387,-31.376783,-65.05636,15.458531
1388,-14.931513,-38.006397,13.554144
1389,-5.1939206,-22.785355,8.0013
1390,2.5411777,-19.29991,7.1413794
1391,21.094227,-14.4897375,-16.0687
1392,11.953047,-10.489237,-8.886943
1393,2.2010977,-5.1352963,-5.743971
1394,0.8979067,-0.6771688,-9.682258
1395,3.8324046,4.415655,-7.231708
1396,2.8429725,8.885747,-12.231212
1397,0.08344969,12.732807,-11.898011
1398,-1.0713863,15.087644,-13.026526
1399,-4.9543395,14.13889,-14.312669
1400,-5.081458,13.614264,-21.93291
1401,-3.6463625,12.315858,-23.564219
1402,-1.8762721,10.698908,-18.758833
1403,-0.6329016,9.151649,-15.247066
1404,-0.37417763,5.6276197,-8.841479
1405,-0.53240305,1.7518452,-5.7200427
1406,-1.1718849,-2.07368,-4.1030927
1407,-2.0676978,-3.4944184,-2.6395824
1408,-2.9398818,-4.0788655,-0.28235307
1409,-3.7567315,-4.694419,1.3106686
1410,-3.8763726,-6.6155562,12.028121
1411,-2.48704,-17.18944,56.02854
1412,-3.289533,-21.304796,17.818153
1413,6.1342998,-12.822538,-43.880478
1414,5.3102717,-15.900605,-14.557035
1415,-3.7181473,-26.122147,13.458132
1416,-1.957628,-25.465914,-16.99562
1417,-7.2230344,-33.996326,-12.202498
1418,-12.1504545,-37.187157,-5.9213386
1419,-7.2158556,-20.61985,-9.282357
1420,1.4249259,-13.34208,-14.902201
1421,4.232305,-10.970793,-18.694225
1422,2.035694,-13.452449,-14.439787
1423,3.472883,-16.427626,-10.760224
1424,4.9917274,-18.147467,-10.776974
1425,13.833506,-21.166012,-11.146067
1426,22.265814,-26.962923,-11.146067
1427,21.247667,-31.82843,-14.760725
1428,11.577074,-38.600418,-10.539785
1429,8.122736,-42.29434,13.946866
1430,4.529314,-34.839497,48.96433
1431,-5.58425,-20.653349,60.984974
1432,-18.342781,-18.727427,41.58606
1433,-24.18067,-13.711173,17.147266
1434,-18.127127,-7.111469,5.0476594
1435,-12.425928,-5.3075795,7.673184
1436,-2.6907291,-3.9541395,14.668003
1437,2.80708,-2.9793632,14.308781
1438,5.844469,-2.8307092,13.055839
1439,9.227023,-3.0272198,11.053046
1440,11.018949,-3.6523447,6.6598234
1441,11.3422785,-4.7805605,-0.26081768
1442,8.601898,-4.725526,-1.9375881
1443,5.2719865,-3.7220356,-0.6559325
1444,2.6488547,-2.5265217,-0.11455639
1445,0.9625129,-1.4700904,-0.92662054
1446,0.095413804,-0.40887356,-2.1652055
1447,-0.18005991,0.69541407,-3.109174
1448,-0.73818576,1.3516457,-3.295814
1449,-1.7635103,1.3663018,-1.5424733
1450,-2.594717,0.23778675,3.191128
1451,-1.5693926,-4.019045,5.3853464
1452,0.31106696,-6.45763,3.8521454
1453,3.3149567,-12.225828,2.7885356
1454,8.788539,-30.850962,8.101798
1455,11.200803,-58.418373,7.155736
1456,2.4358935,-74.003426,2.6545377
1457,-17.068302,-65.077896,10.276875
1458,-31.522747,-54.554264,6.13759
1459,-18.450756,-33.804604,6.7555366
1460,-6.3891354,-22.152752,7.9103727
1461,2.9099715,-16.360626,7.9797645
1462,12.21177,-14.484952,-4.8266225
1463,15.99901,-10.501202,-10.108778
1464,4.462315,-6.9702926,-5.2289157
1465,-2.0748763,-2.9096723,-7.3226357
1466,0.59611195,0.93260264,-6.012266
1467,0.061914288,3.8718863,-8.359924
1468,1.2020943,8.245966,-10.515858
1469,-0.9083753,9.798309,-10.070493
1470,-3.452544,9.314362,-10.851451
1471,-3.6918263,9.333504,-14.236098
1472,-2.556432,9.077172,-22.227528
1473,-1.1096715,9.359825,-18.600607
1474,-0.7573284,8.900104,-15.553646
1475,-0.13938192,7.7261252,-11.435898
1476,-0.5563313,5.3497534,-7.2508507
1477,-1.5191432,1.7590238,-4.5296135
1478,-1.6199409,-0.33708888,-3.3966117
1479,-2.527718,-2.4020948,-1.4249259
1480,-2.7361927,-2.996113,0.60388863
1481,-2.39372,-4.1219363,2.5923243
1482,4.5245285,-11.442478,68.36055
1483,1.0462617,-19.709381,13.240385
1484,7.6459656,-11.0449705,-35.18227
1485,-1.4066806,-14.060824,-11.668301
1486,1.0342976,-19.252052,25.28017
1487,-1.238884,-16.6026,-15.220745
1488,-8.305786,-25.808388,-9.984053
1489,-14.697016,-35.10779,-9.600902
1490,-7.6492558,-27.54767,-0.55782676
1491,0.7492526,-19.462622,-4.306782
1492,2.2417758,-15.7642145,-12.391531
1493,2.0787647,-15.239589,-13.026526
1494,2.6201408,-16.39891,-13.577474
1495,5.497211,-17.546268,-14.327025
1496,9.030513,-19.793428,-11.895618
1497,13.622639,-26.333014,-11.986845
1498,18.504894,-30.319157,-15.697515
1499,12.805789,-35.057545,-10.566107
1500,8.1586275,-37.900814,8.137691
1501,6.6996045,-35.227432,29.311779
1502,1.7243278,-26.59413,42.800716
1503,-13.470395,-23.213968,40.378883
1504,-18.601503,-17.507984,27.967909
1505,-20.103598,-9.595518,5.272884
1506,-16.208382,-5.171189,6.9592257
1507,-4.7745786,-3.6667016,17.32942
1508,0.5985048,-5.07069,17.616858
1509,7.016055,-5.8010993,16.577177
1510,9.445069,-6.050252,17.947367
1511,11.184053,-5.3270216,19.394426
1512,11.591431,-4.8646083,8.355737
1513,11.953047,-5.496912,-3.0801609
1514,8.443673,-5.532804,-4.0241294
1515,4.896014,-4.6728835,-2.3641088
1516,2.129014,-3.2644083,-1.6621144
1517,0.04995017,-1.6881363,-2.567798
1518,-1.5311074,-0.37298122,-2.7711878
1519,-1.5816557,0.8102696,-3.0323045
1520,-2.3168504,1.8810577,-3.7749767
1521,-3.1695926,2.3913271,-1.1063814
1522,-1.7419748,0.17796618,3.449852
1523,-0.69272214,-3.822534,4.228417
1524,0.33020952,-6.977471,1.6292131
1525,2.0979073,-12.051152,-0.79740816
1526,3.2910285,-25.42045,-1.8825532
1527,4.2634115,-65.50412,16.486248
1528,-9.273384,-69.39934,0.5273183
1529,-25.239492,-58.643597,13.786547
1530,-27.124739,-46.85775,8.140083
1531,-17.224136,-33.747173,3.5479577
1532,-2.2474587,-19.254446,6.396314
1533,5.0108695,-16.137794,6.952047
1534,15.282958,-15.227325,-3.3340993
1535,19.42942,-12.697812,-10.204492
1536,4.613362,-7.7823567,-2.821736
1537,-0.25214368,-4.3375893,-4.4482574
1538,1.6860427,-1.5972091,-5.0183473
1539,4.141378,1.675275,-10.259526
1540,4.069593,3.859922,-7.6893353
1541,-0.37657046,7.414759,-10.322039
1542,-1.579263,9.489336,-12.566506
1543,-2.4631119,10.526625,-13.155739
1544,-2.0629122,11.036895,-15.529718
1545,-0.817448,9.652048,-24.244677
1546,0.37567315,7.9968133,-20.452353
1547,1.5373886,6.5237317,-14.856438
1548,1.7267207,4.3414774,-8.9013
1549,0.30867413,1.1410773,-5.169095
1550,-0.82701933,-0.29641092,-4.1608195
1551,-0.9131609,-1.6857436,-3.1618161
1552,-1.2197413,-3.3816566,0.14895321
1553,-1.7395821,-5.262116,3.5240295
1554,6.309275,-13.090834,78.709206
1555,-5.471787,-25.120749,29.033913
1556,3.9137604,-18.961924,-20.644077
1557,2.2489543,-24.68735,9.479167
1558,-2.772085,-20.95993,-3.4947174
1559,-2.9877381,-17.910576,-11.109876
1560,-6.300601,-20.04976,-12.739089
1561,-10.19821,-24.392733,-13.654044
1562,-6.585646,-20.622242,-14.116457
1563,4.733003,-9.202796,-22.05016
1564,4.855336,-10.060324,-16.710575
1565,4.692325,-12.005389,-9.912268
1566,2.2345972,-16.50898,-4.738088
1567,0.14566308,-19.29991,-3.7486558
1568,3.1375887,-22.960032,-7.509575
1569,8.5681,-27.458836,-11.713764
1570,16.099808,-34.73631,-15.1295185
1571,12.717254,-38.83282,-16.284355
1572,11.7876425,-44.795135,-15.18246
1573,9.495318,-45.07061,11.601601
1574,2.1505494,-34.633415,58.162937
1575,-9.857831,-19.599312,65.86932
1576,-14.972489,-16.044474,37.216766
1577,-17.746368,-10.177871,11.1682005
1578,-15.796517,-3.851248,2.9276185
1579,-11.482259,-3.2644083,11.113166
1580,-2.2115662,-1.2831511,13.915759
1581,3.6454654,-1.4294125,13.094124
1582,8.553742,-1.340878,12.574283
1583,10.913365,-2.4451656,11.129915
1584,12.099308,-3.2979078,6.257231
1585,10.942079,-4.342375,2.053341
1586,6.908079,-4.0764723,-0.51475596
1587,4.1724844,-3.403192,0.41006997
1588,2.3494527,-2.7397819,0.65653074
1589,0.5841478,-1.6402799,-0.37806597
1590,-0.97776717,-0.32512477,-2.768795
1591,-2.0820549,0.8847462,-2.0117657
1592,-3.205784,1.6728821,3.5886357
1593,-3.6176488,0.64037913,3.7588253
1594,-2.120639,-4.6226344,2.6138597
1595,0.040378883,-9.150154,1.5263218
1596,3.3963127,-15.459728,1.2125629
1597,6.416952,-19.651953,0.8673982
1598,13.788042,-53.002216,9.817153
1599,3.635894,-73.18658,1.8975084
1600,-16.30918,-62.088364,6.515955
1601,-27.225237,-48.266224,8.964411
1602,-25.778477,-38.63631,-1.3914263
1603,-11.417354,-22.607986,3.5551362
1604,-4.700401,-18.188442,6.889834
1605,12.226128,-16.432411,-3.2766714
1606,17.951254,-11.447264,-12.609577
1607,17.951254,-11.447264,-12.609577
1608,-0.07238288,-3.3385859,-4.4001017
1609,0.5769694,-1.1970096,-6.5536423
1610,3.3173494,1.8906289,-7.032805
1611,4.5798626,6.5835524,-8.973084
1612,4.016652,10.20808,-9.437891
1613,2.1505494,12.160325,-12.362818
1614,0.06909275,11.872887,-15.685551
1615,-0.32392836,11.808281,-22.174885
1616,-1.4066806,11.149357,-18.881165
1617,0.095413804,10.188639,-16.291533
1618,0.15284155,7.678269,-12.08495
1619,-0.14177474,4.918746,-7.7156568
1620,-1.6941184,2.7317061,-4.7979083
1621,-2.1684954,0.0029910284,-3.1713872
1622,-3.2847474,-1.5586249,-1.0250254
1623,-4.1590247,-3.460919,1.4303098
1624,-3.7133617,-5.0129633,3.4809587
1625,-0.15613168,-15.289838,77.59296
1626,-10.047163,-21.345474,-17.64258
1627,5.743971,-13.246367,-33.495926
1628,2.6536403,-25.127928,16.203596
1629,-6.2407804,-24.912575,2.4340987
1630,-3.9050865,-23.544777,-18.26292
1631,-11.192129,-34.650166,-13.821841
1632,-12.356536,-31.4713,-9.183952
1633,1.9686948,-16.501802,-17.623438
1634,5.0563335,-11.140683,-21.865911
1635,7.789834,-9.61496,-21.47289
1636,4.692325,-13.713566,-15.156138
1637,1.7602202,-18.418154,-10.458429
1638,4.205984,-19.287945,-9.4019985
1639,14.264812,-23.041685,-8.230712
1640,21.66671,-27.497122,-11.646466
1641,14.561821,-32.347973,-10.741082
1642,11.090733,-37.282867,-24.278177
1643,9.073584,-46.35705,4.983053
1644,2.3159533,-40.011284,61.334625
1645,-9.563215,-23.008186,70.74171
1646,-15.607185,-18.058931,41.794537
1647,-22.098913,-11.588739,11.0913315
1648,-12.212667,-4.962714,-0.16510476
1649,-7.1007013,-4.2801614,13.666607
1650,1.3313067,-4.4261236,14.794823
1651,6.2494545,-5.2429733,11.970694
1652,6.838687,-4.814359,14.967404
1653,8.268698,-4.0477586,16.977077
1654,9.29163,-3.5231323,11.946765
1655,9.593424,-5.1640105,1.3154542
1656,8.805288,-5.5040903,-2.0670996
1657,6.1151576,-4.2681975,-1.2191432
1658,3.1280174,-2.778067,-1.5616158
1659,0.6056832,-1.3719847,-2.333002
1660,-0.762114,-0.42562333,-3.176173
1661,-1.2005987,1.1506486,-3.1115668
1662,-1.8041883,2.1134605,-2.9102705
1663,-3.0906296,2.53041,-0.7160522
1664,-3.1576285,-0.83778703,1.6842481
1665,-2.0605195,-3.958925,2.7670002
1666,-0.71425754,-8.522337,3.5264223
1667,3.444169,-14.348262,2.0318055
1668,8.472386,-28.12733,-1.6980067
1669,11.040483,-67.13542,16.157833
1670,-1.0304092,-73.153076,2.1562324
1671,-22.925335,-63.195045,6.298208
1672,-30.396923,-47.561836,9.349955
1673,-18.294924,-31.421051,3.140879
1674,-5.8286166,-18.49263,3.801896
1675,-2.335993,-14.26212,9.457631
1676,11.871691,-14.101502,-4.8003016
1677,19.637896,-10.513165,-9.145667
1678,6.337989,-5.386842,-5.358427
1679,0.90029955,-1.9899311,-5.3392844
1680,1.0438689,-0.109471634,-6.4148583
1681,3.025126,3.3233316,-6.1154566
1682,4.272983,8.655737,-10.27149
1683,2.914757,10.263116,-9.83809
1684,0.7588239,10.454541,-9.912268
1685,-0.04127619,10.272687,-12.870694
1686,0.55752766,10.940883,-23.305494
1687,-0.70229346,11.02493,-19.484755
1688,-0.6305088,9.764811,-15.7286215
1689,0.4211368,6.684051,-11.591431
1690,-0.6041877,3.859922,-7.509575
1691,-1.8257236,0.93738824,-5.6386867
1692,-2.137389,-1.5490535,-4.453043
1693,-2.7266214,-3.5901313,-0.85483587
1694,-3.9218364,-5.645566,3.3517463
1695,-3.9361932,-10.446166,54.754364
1696,-1.265205,-19.934605,65.02376
1697,-6.4277196,-23.659632,-6.5682983
1698,8.877372,-10.115358,-38.184067
1699,2.8597221,-16.947466,7.2969127
1700,-11.192129,-25.456343,18.11995
1701,-3.3684962,-25.736603,-19.855942
1702,-12.171989,-34.07529,-18.219849
1703,-11.4699955,-29.609983,-11.912369
1704,-2.0629122,-16.094723,-8.678469
1705,3.5401812,-10.328619,-15.627824
1706,6.0744796,-10.259227,-19.913368
1707,4.3211384,-13.5170555,-12.5138645
1708,4.1318064,-17.524734,-10.338788
1709,2.2728825,-19.92982,-8.889337
1710,5.252844,-20.399412,-9.533903
1711,17.132011,-25.4707,-9.205488
1712,20.900408,-27.238398,-11.864512
1713,12.698112,-31.85475,-11.112268
1714,8.896515,-39.170506,-15.084055
1715,7.1620173,-43.204506,13.08216
1716,0.3062813,-34.39862,67.5461
1717,-9.512965,-20.545374,62.49664
1718,-17.298313,-15.09572,32.28217
1719,-23.591436,-9.288938,8.338987
1720,-15.195022,-5.2286167,3.7301114
1721,-6.04427,-3.391228,14.0354
1722,-0.8006983,-2.8977082,13.441382
1723,4.912764,-2.4930222,12.861721
1724,9.294023,-1.8364913,12.734901
1725,12.49203,-2.7876384,13.10848
1726,13.644174,-3.3529427,5.7807603
1727,12.1663065,-4.208078,-1.1015958
1728,8.625827,-4.0716867,-1.6740786
1729,5.020441,-3.5422747,-0.8069794
1730,2.3757737,-2.2917259,-0.40677986
1731,0.4833502,-1.1515459,-0.50039905
1732,-0.46749774,0.424726,-1.7482561
1733,-0.88683987,1.1338989,-1.8705891
1734,-1.7563318,2.1565313,1.6674982
1735,-3.0332017,2.477768,3.816253
1736,-1.8978075,-1.0244272,2.3790638
1737,-0.54675996,-4.7709894,1.9645073
1738,1.4799608,-9.202796,2.4029922
1739,5.703293,-16.693527,1.8281165
1740,11.188839,-36.470806,-0.55304116
1741,13.004692,-70.35018,7.6011004
1742,-3.1552358,-77.280396,2.9012976
1743,-26.238497,-65.03961,10.705788
1744,-29.192137,-46.170113,11.4699955
1745,-20.58994,-29.540592,5.186443
1746,-7.0528445,-18.149858,5.8884373
1747,-0.18484555,-15.447763,8.089834
1748,17.161024,-12.882359,-9.11456
1749,16.75604,-11.48824,-7.5717883
1750,3.391527,-7.1018977,-4.941478
1751,-0.39571303,-2.7302105,-6.2757754
1752,0.35174492,-0.526421,-6.7932234
1753,1.570888,2.6476583,-6.0194445
1754,2.387738,6.7031937,-10.975878
1755,0.9553344,9.575478,-10.027123
1756,-1.6007984,10.576875,-9.699007
1757,-2.4822545,10.790134,-16.066309
1758,-1.5430715,10.631909,-23.4036
1759,-1.7108682,10.356436,-19.06302
1760,-1.0474582,9.549157,-15.520146
1761,-0.30000013,7.800602,-10.70519
1762,-0.573081,5.5630136,-7.2532434
1763,-0.75493556,2.7556343,-5.4038906
1764,-1.4521443,0.44147578,-3.8635113
1765,-2.105983,-1.7264216,-1.8394824
1766,-2.1684954,-3.1277182,-0.40438703
1767,-2.204388,-4.4835515,1.154836
1768,5.9931235,-13.668102,70.116585
1769,-4.5014977,-16.760527,-20.294426
1770,1.5278172,-10.50838,-20.852552
1771,-1.0737791,-12.474981,0.51056856
1772,-0.26171497,-18.897316,26.959335
1773,-0.11545369,-20.507088,-15.417255
1774,-10.899905,-39.48666,-12.880265
1775,-18.733408,-50.15147,-11.026127
1776,-5.6443696,-28.72135,-3.9786658
1777,2.4598217,-18.348763,-11.385649
1778,5.669793,-13.684852,-15.27578
1779,4.8382874,-14.123037,-13.083954
1780,6.675676,-14.798711,-13.057633
1781,11.878869,-16.054045,-13.529617
1782,18.212372,-22.550558,-13.146168
1783,17.014763,-27.006294,-11.842977
1784,14.197514,-30.769606,-17.542082
1785,8.755039,-34.424942,-7.286743
1786,8.436495,-38.09972,15.841682
1787,4.2945185,-30.946674,50.514282
1788,-13.712369,-22.327726,47.2732
1789,-17.58575,-18.775284,30.634111
1790,-23.454746,-11.907284,9.409775
1791,-18.441185,-5.791528,7.0669026
1792,-5.4143596,-4.9268217,15.669399
1793,1.7482561,-6.445666,14.3207445
1794,5.9261246,-6.3687963,14.294125
1795,6.5632133,-5.2740803,17.2696
1796,9.430713,-4.1386857,17.228622
1797,10.388739,-4.107579,8.712866
1798,14.154443,-4.3734818,-1.805983
1799,11.528918,-5.0536413,-4.65404
1800,7.262815,-4.3854456,-2.8743782
1801,3.1686954,-3.4366915,-1.3172488
1802,1.055833,-2.097608,-0.87637126
1803,-0.07956135,-0.40887356,-2.1628125
1804,-0.89401835,0.9828519,-3.458825
1805,-1.8619151,1.8834505,-2.7041886
1806,-3.315854,2.2908285,0.84825563
1807,-3.3637104,1.1171491,2.1681964
1808,-2.2857437,-2.8139594,3.6200416
1809,-0.8365906,-6.1654067,2.4771698
1810,0.9314062,-8.749954,1.0088738
1811,6.8195443,-26.459833,3.4953158
1812,11.397313,-75.60602,6.0107703
1813,-4.2741795,-77.65906,1.5335002
1814,-25.912474,-66.01199,16.066906
1815,-22.937298,-47.98357,10.751251
1816,-6.6598234,-25.863422,8.796615
1817,-2.9207392,-21.427128,11.795718
1818,11.56511,-19.024435,-2.7759733
1819,19.654646,-13.682459,-13.210773
1820,5.3799624,-10.002896,-5.9500527
1821,-1.9480567,-5.4059844,-6.498607
1822,1.7602202,-2.8642087,-7.610073
1823,3.5210385,0.47976094,-11.13171
1824,3.9568315,4.9474597,-12.537792
1825,0.79950184,9.32154,-11.883655
1826,-3.1169505,10.806885,-13.790435
1827,-5.069494,13.008281,-13.824234
1828,-3.7543387,13.32204,-23.552254
1829,-2.9614172,12.107682,-22.524536
1830,-0.78873414,10.212866,-19.060627
1831,0.50009996,7.539485,-13.292429
1832,0.13369897,4.2071805,-7.7443705
1833,-1.4377873,1.6223338,-5.538188
1834,-1.2317054,-0.09032906,-2.8094728
1835,-1.4114662,-1.4581263,-0.663111
1836,-1.957628,-2.984149,3.1671999
1837,8.618649,-3.970889,78.709206
1838,-6.317351,-14.829818,16.907684
1839,-0.7692925,-7.3606215,-38.65575
1840,0.61046886,-11.641381,0.00029910283
1841,0.581755,-15.174683,18.076878
1842,-2.01027,-15.524633,-15.618253
1843,-7.785946,-24.042784,-14.846867
1844,-15.655042,-41.848675,-17.237595
1845,-7.606185,-39.805202,-4.4339004
1846,0.552742,-24.864717,-7.4904323
1847,0.45702913,-18.394226,-17.194525
1848,0.907478,-17.230118,-14.969199
1849,2.3566313,-19.874784,-13.435998
1850,5.3294144,-20.737099,-13.052848
1851,13.512568,-23.228325,-13.766507
1852,19.611574,-28.946573,-11.59861
1853,17.067406,-31.840393,-17.762222
1854,11.82862,-35.864822,2.5325036
1855,12.836895,-37.591843,17.39642
1856,12.73879,-31.21497,42.43671
1857,-2.408077,-24.157938,54.876396
1858,-16.575083,-19.803,37.20241
1859,-20.508286,-12.443874,17.774784
1860,-15.31257,-7.327122,9.512965
1861,-5.3497534,-5.508876,12.516855
1862,3.757928,-7.003792,10.902298
1863,8.7215395,-6.364011,9.49143
1864,7.586145,-3.3242288,13.4916315
1865,8.891729,-1.9995024,18.361923
1866,11.129018,-2.9072795,12.900006
1867,11.248659,-4.9842496,1.6914265
1868,10.2571335,-6.2730837,-2.2274187
1869,5.71765,-5.875576,-1.7195421
1870,2.3327029,-4.4404807,-0.7471589
1871,0.097806625,-3.118147,-0.71365935
1872,-1.049851,-1.6642082,-1.8873389
1873,-2.2402802,0.357727,-2.4430718
1874,-3.1432717,1.3734802,-0.104985096
1875,-3.7878382,2.1565313,1.495215
1876,-3.5004005,0.83688974,0.78364944
1877,-1.6941184,-3.8009987,2.0748763
1878,0.20787647,-7.5786676,2.391028
1879,2.495714,-12.182757,1.698605
1880,7.353742,-21.87728,-1.9974087
1881,13.725829,-56.664734,11.7311125
1882,0.60807604,-77.27561,-0.91226363
1883,-19.885553,-64.97949,14.794823
1884,-32.23192,-52.712387,10.229017
1885,-22.027128,-37.74528,11.309377
1886,-2.611467,-20.873789,12.382558
1887,6.582356,-20.557337,3.502494
1888,23.401207,-14.456238,-15.649359
1889,12.374782,-12.221043,-6.3191457
1890,0.18394823,-6.431309,-4.1632123
1891,0.2724827,-2.9338996,-7.138388
1892,3.8443687,0.38883367,-6.841379
1893,2.7376883,4.0298123,-12.108879
1894,2.2130618,7.19432,-11.661122
1895,-2.0341983,11.027323,-11.785549
1896,-4.3818564,12.359228,-14.082957
1897,-6.700801,13.106387,-14.3416815
1898,-5.4981084,12.814163,-23.466112
1899,-3.2799616,10.837991,-22.115065
1900,-0.965803,8.986245,-17.273787
1901,0.9912268,5.5654063,-10.947164
1902,0.13848461,3.0358937,-6.529714
1903,-1.3492528,0.97806627,-4.1871405
1904,-2.2546372,-0.5383851,-2.740081
1905,-3.3445678,-3.3050864,-1.1303096
1906,-3.4283166,-4.898108,1.1452647
1907,7.0806613,-6.237191,67.8434
1908,3.5569308,-16.748562,41.28187
1909,0.02841477,-11.049756,-37.15635
1910,0.44985065,-8.687741,-16.34896
1911,-3.0332017,-10.795817,14.641682
1912,-2.14696,-13.682459,32.22923
1913,1.2667005,-11.0353985,-20.771196
1914,-8.914162,-28.357342,-11.447862
1915,-18.397816,-49.75396,-10.822437
1916,-4.1925244,-36.29583,-8.999705
1917,4.1605206,-23.815464,-13.934303
1918,3.4250264,-17.66621,-18.392431
1919,3.0418758,-17.507984,-13.754542
1920,4.450351,-18.676878,-12.789338
1921,7.772785,-20.404198,-11.064412
1922,14.478072,-23.685953,-10.554143
1923,21.72683,-25.041786,-12.451352
1924,13.5532465,-28.766813,-9.545867
1925,6.472286,-34.04179,13.304991
1926,7.806584,-32.190044,29.982367
1927,4.421637,-24.498018,46.111187
1928,-11.963515,-20.116758,38.81936
1929,-18.347567,-14.52563,24.039194
1930,-19.08306,-8.548957,3.6032917
1931,-14.831014,-4.004688,5.5579286
1932,-2.6739793,-4.7566323,14.739787
1933,3.6191442,-7.468598,13.700106
1934,9.183952,-9.195618,11.975479
1935,8.673683,-6.960721,17.621643
1936,9.622138,-5.0970116,17.355742
1937,10.276276,-4.3184466,7.8888373
1938,10.118051,-5.4442697,-2.0958135
1939,8.024331,-5.432306,-2.9724839
1940,4.886443,-3.9541395,-1.4416757
1941,1.9040886,-2.5959134,-1.2813566
1942,-0.10348958,-1.5179468,-2.5004997
1943,-1.2364911,-0.07597212,-3.3388848
1944,-1.8400806,1.1889337,-2.768795
1945,-3.2967114,2.120639,0.07686943
1946,-4.765007,2.3697917,3.2437701
1947,-4.254738,0.76719874,1.3609179
1948,-2.0078773,-3.6714873,2.6090739
1949,-0.77407813,-6.838388,2.6282165
1950,0.6774679,-10.843674,2.053341
1951,6.00748,-24.502804,-0.28953153
1952,13.42882,-70.6113,10.358529
1953,0.94337034,-77.65906,0.8386843
1954,-20.515463,-63.901524,12.988839
1955,-28.099813,-46.371407,12.040086
1956,-13.144672,-28.278078,7.3570323
1957,-7.646863,-20.052153,12.68196
1958,6.9993052,-16.940287,0.22552353
1959,20.35634,-14.242978,-15.20878
1960,10.21167,-12.5805645,-8.597113
1961,-0.9562318,-5.53759,-5.2316074
1962,0.1576272,-0.24376881,-7.9576306
1963,0.92183495,1.687239,-8.245069
1964,2.7592237,6.463911,-9.91466
1965,2.8453653,9.920343,-12.111272
1966,-0.8916255,12.407084,-12.197713
1967,-1.931307,13.298112,-16.696218
1968,-2.1397817,12.431013,-23.358137
1969,-2.0294127,12.117254,-20.703897
1970,-0.75254273,11.300404,-16.701004
1971,-0.14416756,8.976674,-11.816655
1972,-0.9514461,6.815955,-6.9012
1973,-2.295315,3.045465,-4.436293
1974,-2.2666013,-0.10707881,-2.996412
1975,-3.3062828,-2.1433709,-1.4297116
1976,-4.307679,-2.914458,0.19441684
1977,-3.8572302,-3.9373896,1.9357935
1978,2.0285153,-10.5538435,78.709206
1979,-2.800799,-16.66242,41.015972
1980,-2.7242286,-13.392629,-40.75665
1981,4.6636114,-8.311769,-18.480967
1982,-0.38853458,-11.686845,-3.176173
1983,-2.8055844,-18.708284,3.653541
1984,-2.786442,-25.77728,-7.3779697
1985,-9.666406,-45.25994,-9.897911
1986,-14.620147,-44.268116,-12.549757
1987,-0.97776717,-23.329123,-9.687043
1988,5.2959146,-14.400904,-13.766507
1989,5.331807,-12.396018,-15.900905
1990,2.821437,-15.359229,-10.959127
1991,3.0825539,-17.175083,-11.927025
1992,10.949257,-19.108185,-15.184853
1993,10.355239,-26.821747,-9.392427
1994,14.956936,-28.541588,-11.3016
1995,15.007185,-32.69553,-14.97877
1996,13.574782,-36.947575,10.181161
1997,13.194024,-32.16851,39.94997
1998,4.7952166,-20.62703,51.1083
1999,-12.241382,-18.35594,36.814472
2000,-16.644474,-14.077574,16.253845
2001,-18.7693,-8.031509,1.372882
2002,-11.434103,-3.0391839,12.754044
2003,0.8333005,-5.1209397,17.152052
2004,6.9535427,-9.236296,15.990336
2005,9.861719,-9.595518,17.386848
2006,9.3155575,-7.9761753,18.611076
2007,10.719247,-5.5519466,12.037692
2008,11.404491,-5.6647086,3.6511483
2009,10.216455,-6.1773705,-3.3726835
2010,7.305886,-5.3075795,-2.7735806
2011,3.554538,-4.1865425,-2.00698
2012,0.45702913,-2.8953154,-1.9591235
2013,-0.369392,-1.3791631,-2.3425734
2014,-0.77677006,0.10139586,-3.9284165
2015,-1.3875381,1.1769696,-4.340281
2016,-2.4272194,1.9818554,-3.3631122
2017,-2.582753,2.4586253,-1.5305092
2018,-1.849951,0.17318054,2.69043
2019,-1.698904,-3.8297126,4.8990054
2020,-0.7190432,-6.3687963,3.6655052
2021,2.1843479,-11.66531,-0.3589234
2022,9.018549,-38.166718,11.161022
2023,8.019546,-77.65906,5.4116673
2024,-13.1686,-76.99296,9.862617
2025,-28.787151,-65.38926,13.69532
2026,-13.640585,-36.44927,12.976875
2027,-4.2981076,-25.391438,14.888442
2028,3.3604202,-22.279871,7.194021
2029,20.744576,-15.50549,-14.580964
2030,11.629716,-10.400404,-11.339886
2031,1.1494522,-5.4442697,-4.429115
2032,0.48095736,-2.6246274,-8.0150585
2033,2.9820552,0.14446667,-9.22463
2034,3.365206,6.2721863,-12.139986
2035,2.2226331,8.514261,-11.440683
2036,-3.1145577,11.647662,-12.5138645
2037,-4.6022954,12.270394,-13.591831
2038,-5.2609196,12.605988,-16.717754
2039,-2.9685955,12.356835,-26.908487
2040,-1.849951,10.409078,-23.152054
2041,-0.5491528,8.99821,-16.99562
2042,0.016151553,5.7762737,-10.199706
2043,-1.820938,2.1807587,-5.933303
2044,-2.3961127,-0.116650105,-3.5856447
2045,-2.364707,-1.4581263,-0.84047896
2046,-2.582753,-3.0032916,1.8448663
2047,-2.3336003,-5.1329036,4.616353
2048,0.8859426,-13.811671,78.709206
2049,-3.3038898,-24.004498,32.505
2050,4.5508494,-13.81885,-48.158844
2051,-2.1158533,-13.917254,-14.696118
2052,0.21026929,-19.014864,12.203096
2053,-5.2896338,-21.915564,-6.498607
2054,-7.8960156,-32.61148,-16.38246
2055,-15.710077,-44.682674,-13.426427
2056,-6.1713886,-24.998716,-5.5429735
2057,-0.78634137,-14.853745,-8.5014
2058,2.548356,-10.561022,-17.896519
2059,3.1950164,-10.335797,-20.414068
2060,2.1723838,-12.877573,-9.864411
2061,-0.25692934,-16.774883,-6.6735826
2062,1.8343977,-18.24587,-8.381459
2063,11.12184,-20.595922,-11.450254
2064,22.847868,-24.859632,-13.249059
2065,20.047367,-29.97429,-12.746267
2066,13.644174,-37.055252,-15.189638
2067,10.6307125,-41.841496,5.229813
2068,8.383852,-37.426437,38.738003
2069,-3.0236306,-24.359234,65.114685
2070,-17.00609,-19.400408,41.090446
2071,-24.367609,-13.703995,16.318453
2072,-17.748762,-7.123433,11.024332
2073,-7.943872,-5.171189,16.442879
2074,3.2910285,-7.149754,13.120444
2075,11.794821,-6.2204413,10.073484
2076,12.525529,-4.232006,10.4016
2077,14.374882,-2.387738,10.789536
2078,14.001303,-2.9578278,5.4116673
2079,12.197413,-3.2500513,-0.17706887
2080,8.1347,-3.539882,-0.37328035
2081,4.8529434,-3.0200412,1.0112667
2082,2.5172493,-2.1864417,1.0686945
2083,1.5110675,-1.0363913,0.7429714
2084,1.3456637,-0.19082761,-0.15074782
2085,0.61046886,0.78394854,-1.5831513
2086,-0.8892327,1.3109677,-0.33020952
2087,-2.5372894,1.5170496,2.6736803
2088,-2.187638,1.4500505,2.2447667
2089,-1.8376877,-2.3084757,2.0318055
2090,-0.24496523,-4.3088756,2.4101706
2091,1.4847465,-7.341479,1.5119648
2092,2.7352953,-17.687744,4.170989
2093,12.297912,-59.32854,15.226129
2094,2.210669,-77.53433,-2.62044
2095,-17.37279,-73.55058,18.155842
2096,-23.82384,-52.395935,13.585251
2097,-13.654942,-31.893036,11.95873
2098,-5.469394,-22.40669,16.603497
2099,8.355139,-22.38037,3.5886357
2100,21.089441,-16.020247,-18.176779
2101,5.631209,-11.758928,-7.344171
2102,0.95772725,-6.469594,-7.0136623
2103,2.888436,-3.7818563,-10.283454
2104,3.4489548,1.430908,-13.994124
2105,1.7338991,7.0818577,-12.993027
2106,-3.0882368,13.386646,-11.555539
2107,-5.8357954,14.912669,-14.446966
2108,-9.0747795,14.754743,-15.410077
2109,-7.893623,14.313865,-20.646471
2110,-6.6215386,12.893426,-23.20021
2111,-1.3803595,9.901201,-19.872692
2112,-0.27367908,7.810173,-15.064912
2113,-0.66400826,4.6169515,-9.282357
2114,-1.4449657,1.5194423,-5.899803
2115,-2.1996021,-0.81864446,-3.8997028
2116,-2.268994,-2.696711,-2.1077776
2117,-2.408077,-4.112365,0.45792642
2118,-2.1565313,-6.678069,2.8510482
2119,7.7177505,-12.441482,70.29395
2120,-2.4846473,-18.782461,-5.9117675
2121,4.0552363,-12.051152,-29.23431
2122,0.92662054,-15.237196,5.581857
2123,-4.4799623,-22.028326,16.004694
2124,-3.790231,-17.220547,-14.281562
2125,-12.984054,-31.612776,-10.721939
2126,-16.876877,-44.097927,-6.62094
2127,-4.705187,-28.872097,-4.874479
2128,-0.18484555,-16.717455,-8.482257
2129,-1.5960127,-13.224832,-13.610973
2130,0.47856453,-11.950355,-17.458035
2131,2.3685954,-12.90868,-13.570295
2132,3.255136,-16.04926,-10.920842
2133,5.7559347,-19.175184,-10.285848
2134,12.803396,-25.748566,-11.5316105
2135,15.630217,-32.16851,-15.414863
2136,14.26242,-39.833916,-6.0604215
2137,17.273487,-38.643486,23.454746
2138,16.863716,-31.409088,40.144085
2139,0.5479564,-23.93032,40.48656
2140,-12.12174,-19.050756,32.380276
2141,-20.053349,-12.575779,14.399708
2142,-18.608683,-8.007581,9.402596
2143,-16.721045,-3.8560338,11.239985
2144,-4.2909293,-6.666105,14.181662
2145,4.6205406,-6.8814588,9.697213
2146,5.5259247,-5.6766725,15.6981125
2147,6.7405815,-4.6585264,20.570498
2148,10.438988,-4.2535415,15.973587
2149,11.076376,-4.711169,6.952047
2150,10.427024,-6.1100726,-3.2718859
2151,7.9357963,-5.8707905,-2.4741786
2152,3.405884,-4.5484567,-0.7112665
2153,1.0462617,-3.3672996,0.41964126
2154,0.3278167,-2.1984057,-0.5075775
2155,0.08344969,-0.59581286,-2.00698
2156,-0.1369891,0.8775677,-2.4598217
2157,-0.48424748,2.1711874,-0.70648086
2158,-0.4866403,2.949453,0.58953166
2159,-0.587438,-0.69152576,3.39721
2160,-0.07716853,-3.8057845,3.7660038
2161,2.114657,-8.33809,1.6603198
2162,4.421637,-15.591632,-1.1733804
2163,13.04537,-41.755352,11.323734
2164,9.262916,-74.968925,-0.23688944
2165,-11.685649,-73.92686,16.531713
2166,-27.613472,-60.88567,14.850157
2167,-24.321846,-40.765923,10.480563
2168,-8.296215,-23.336302,12.4833555
2169,-0.66400826,-20.720348,9.786046
2170,14.830116,-19.050756,-1.8777676
2171,22.878973,-14.518452,-18.011374
2172,4.174877,-11.102398,-5.152345
2173,0.4881358,-5.5184474,-5.902196
2174,1.8391833,-0.8952148,-10.187741
2175,2.603391,5.17747,-10.108778
2176,0.090628155,10.133604,-12.525828
2177,-4.0154557,12.864412,-12.017952
2178,-7.170093,13.115958,-14.399109
2179,-8.499605,13.365111,-14.887843
2180,-5.7376895,12.04517,-26.403004
2181,-2.7242286,11.197213,-23.181068
2182,-1.1670992,9.300004,-17.19931
2183,-1.4377873,5.6443696,-10.8682
2184,-1.5382859,1.5433706,-8.549256
2185,-1.9049859,-1.5442679,-5.466104
2186,-2.0988045,-2.6078775,-3.324528
2187,-2.9805596,-4.5484567,-0.14327025
2188,-3.1289146,-5.563911,2.2471595
2189,2.0811574,-10.927423,64.671715
2190,2.5196424,-20.54298,56.790356
2191,-4.738686,-23.652454,-17.06292
2192,14.26242,-18.971495,-25.751259
2193,10.438988,-20.133509,-3.473182
2194,-1.1790633,-16.887646,-8.630612
2195,-7.146165,-18.562023,-6.8219376
2196,-12.289537,-24.22733,-4.4458647
2197,-8.676973,-21.661924,-4.3331027
2198,-1.8786649,-14.753247,-5.195416
2199,1.8104694,-12.1301155,-9.428319
2200,4.651647,-11.306087,-13.052848
2201,5.751149,-12.4319105,-11.277672
2202,5.212166,-15.074184,-10.372288
2203,6.908079,-19.398014,-11.153245
2204,14.343776,-26.13411,-15.163317
2205,19.887049,-31.509586,-17.987446
2206,12.099308,-36.7056,-21.295822
2207,9.6942215,-42.09065,-10.527822
2208,9.9191475,-42.897926,-2.970091
2209,2.9123642,-40.46891,44.072803
2210,-8.037491,-32.266617,78.416985
2211,-23.871696,-23.491835,38.968014
2212,-25.258636,-13.028321,4.6788654
2213,-20.077278,-7.264909,10.696217
2214,-7.6181493,-5.252545,18.483957
2215,0.03798606,-7.164111,12.394523
2216,7.1883383,-6.2084775,9.749855
2217,9.907183,-4.2248273,11.953943
2218,10.726426,-2.696711,11.589637
2219,13.56521,-2.274976,6.355636
2220,12.669397,-2.8283165,0.09361918
2221,9.902397,-2.914458,-0.8668
2222,6.230312,-2.5145576,0.6831509
2223,3.9664025,-1.7407784,1.8903298
2224,3.0203404,-0.76331043,1.4760724
2225,1.7745771,0.19471595,0.17048861
2226,-0.050847482,1.2535399,0.5560322
2227,-1.0016954,1.5984055,1.8281165
2228,-1.428216,0.5829514,0.58953166
2229,-0.15134603,-3.0535407,1.128515
2230,2.2944179,-5.9784675,1.6411772
2231,3.9831524,-11.193325,0.6541379
2232,8.254341,-20.847168,3.9338005
2233,11.004591,-40.931324,3.2676985
2234,4.5412784,-61.35287,1.0136595
2235,-8.892626,-64.991455,4.386343
2236,-26.822943,-55.29454,16.780865
2237,-34.406994,-48.72146,1.1524432
2238,-19.1692,-29.863922,6.791429
2239,-10.008878,-23.077578,6.6646094
2240,7.8400836,-19.005293,5.7206407
2241,21.884756,-14.832211,-8.407781
2242,18.914366,-12.455838,-12.001202
2243,1.7243278,-6.076573,-4.316353
2244,0.79950184,-2.1242282,-5.990731
2245,2.7041886,1.8308084,-5.7009
2246,2.1601207,5.280361,-9.215059
2247,3.5928233,10.059426,-9.814162
2248,-1.1886346,12.29193,-10.815259
2249,-3.5027933,12.840485,-11.775977
2250,-3.2440693,12.969996,-14.779867
2251,-2.0437696,11.324332,-27.037699
2252,-1.183849,10.349257,-22.567608
2253,0.011365907,9.230613,-16.643578
2254,-0.27846473,7.132107,-12.393924
2255,-1.6247265,2.353042,-8.029415
2256,-2.2331018,0.005383851,-6.3215384
2257,-2.5731816,-1.5083755,-3.6744783
2258,-2.9805596,-2.7876384,-1.0896316
2259,-3.0643084,-4.342375,0.6975078
2260,-3.152843,-4.775775,1.2293127
2261,3.9568315,-11.471191,51.22076
2262,-3.952943,-11.32523,-17.225632
2263,-0.2976073,-8.496016,-16.9693
2264,-4.139882,-11.229517,-2.9341989
2265,-5.7544394,-20.454447,34.965122
2266,1.0582259,-16.365412,-19.666609
2267,-10.413863,-47.48766,-9.162417
2268,-18.750158,-58.545193,-13.4407835
2269,-5.601299,-32.003105,-12.362818
2270,4.3091745,-20.020746,-12.947265
2271,6.472286,-15.134005,-15.321243
2272,4.800002,-15.064613,-12.350853
2273,4.699504,-16.173687,-9.311071
2274,9.099904,-17.059929,-10.583156
2275,19.268803,-20.794525,-13.52214
2276,20.397318,-24.891039,-15.01227
2277,14.688641,-27.746275,-1.2598212
2278,13.50539,-30.367014,12.073585
2279,11.991331,-28.505695,23.080868
2280,4.3761735,-24.835705,33.28566
2281,-13.642978,-23.22354,41.624645
2282,-20.007587,-17.77628,26.774788
2283,-23.076382,-13.89572,12.090335
2284,-19.1692,-6.919744,3.9433718
2285,-9.120243,-4.3591247,7.795218
2286,1.3770695,-7.0636125,12.236596
2287,4.258626,-6.050252,12.174382
2288,4.759324,-4.095615,16.737795
2289,8.129914,-3.4633117,18.12952
2290,11.528918,-3.5781672,11.232807
2291,12.863216,-4.586742,1.0758729
2292,10.870295,-5.348557,-4.4913282
2293,8.019546,-4.447659,-3.0466614
2294,4.1605206,-2.9410782,-1.00349
2295,1.43689,-1.7407784,-0.19621146
2296,0.5769694,-0.22671995,-1.3674982
2297,-0.817448,0.99003035,-1.0896316
2298,-2.4559333,1.8667008,1.7682959
2299,-3.5171502,1.9124635,1.8975084
2300,-2.4990041,-0.59342,0.8147561
2301,-0.47228336,-4.5218368,2.9826534
2302,0.83090764,-9.209974,2.4580271
2303,5.456533,-16.264614,1.2891332
2304,8.172985,-25.166512,-1.0824531
2305,17.627924,-77.65906,-1.4751751
2306,-6.969096,-77.65906,6.168697
2307,-28.284061,-64.984276,19.003798
2308,-27.814768,-43.76981,18.910477
2309,-17.628822,-26.361727,9.21805
2310,-10.773086,-19.580168,6.1495543
2311,7.7273216,-14.171193,-3.621537
2312,19.0367,-13.689637,-11.25853
2313,8.2710905,-10.853246,-6.1154566
2314,1.9208384,-4.6872406,-5.602794
2315,1.1590235,0.42711884,-8.800801
2316,4.666004,4.6432724,-7.5622168
2317,3.5688949,8.523832,-10.539785
2318,1.4129617,11.367403,-11.857333
2319,-0.14895321,13.362718,-11.82862
2320,-3.4474592,14.536696,-12.080165
2321,-3.9987056,13.063316,-21.28356
2322,-3.5817564,11.266905,-20.670399
2323,-1.9002002,9.795917,-15.606288
2324,-1.3827524,7.6926255,-11.677872
2325,-0.7716853,4.727021,-7.9337025
2326,-1.1096715,1.4811572,-5.578866
2327,-1.061815,-1.2065809,-2.9892337
2328,-1.6127625,-2.387738,-0.30867413
2329,-2.268994,-2.8881369,1.3034902
2330,-3.7615173,-3.5374892,0.558425
2331,-4.278965,-3.987639,0.65922266
2332,-0.8700901,-9.363414,59.00641
2333,-8.140383,-7.8637123,-4.7117667
2334,-6.176174,-8.970393,-3.4109688
2335,-10.657931,-15.996319,20.661425
2336,-1.5406786,-15.5342045,-22.40011
2337,-4.7075796,-31.112078,-16.389639
2338,-12.320643,-54.925747,-15.929619
2339,-16.886448,-54.31737,-15.036199
2340,-7.5032935,-31.62474,-7.6773715
2341,3.3675988,-20.387447,-12.751053
2342,8.024331,-17.474485,-17.685652
2343,12.925729,-17.026428,-18.988842
2344,18.178871,-18.775284,-16.495222
2345,29.754152,-21.630518,-16.0687
2346,29.689245,-22.84039,-16.85923
2347,14.554643,-31.327732,-15.402899
2348,9.689436,-37.330727,14.119449
2349,13.7689,-35.52205,31.185059
2350,3.7172499,-23.678774,57.95476
2351,-18.68286,-23.001007,46.98098
2352,-25.35435,-15.371194,16.241882
2353,-14.452649,-9.799207,6.5641108
2354,-5.0452666,-7.9426756,8.389236
2355,2.3422742,-6.196513,6.745965
2356,3.9999022,-5.940182,10.049556
2357,6.2733827,-4.49073,14.399708
2358,9.96491,-3.3529427,13.690535
2359,13.953446,-3.6308093,7.457531
2360,15.7355,-3.4271202,4.034299
2361,13.007085,-4.265805,-2.5845475
2362,8.422137,-4.059723,-1.2167503
2363,5.2025948,-3.2979078,-0.74476606
2364,2.1026928,-1.6713866,-0.93619186
2365,1.2762718,-0.14297116,-1.084846
2366,0.18394823,0.86081797,-1.5711871
2367,-1.4473586,1.8116659,0.017048862
2368,-2.3072793,1.5601203,1.0184451
2369,-2.283351,0.4438686,-0.37567315
2370,-1.1048858,-3.1372895,1.5047864
2371,0.6726823,-5.796314,0.9825528
2372,2.2848465,-11.392229,0.39810586
2373,6.5225353,-25.28376,5.0189457
2374,11.330315,-65.00851,5.0452666
2375,-4.467998,-76.96664,-3.8515472
2376,-23.234308,-67.478195,15.734005
2377,-34.263424,-53.97221,13.086946
2378,-30.447172,-40.051964,11.743076
2379,-14.160425,-23.329123,5.878866
2380,1.285843,-15.800107,9.349955
2381,22.57,-13.9986105,-11.083554
2382,14.810974,-13.13869,-10.513465
2383,3.4585261,-8.191829,-4.004987
2384,1.9375881,-3.336193,-3.4420755
2385,3.5330026,-0.59342,-7.502396
2386,4.666004,3.397509,-8.805588
2387,3.0993035,7.400402,-11.893226
2388,-1.3779668,11.6644125,-11.143674
2389,-3.8237305,14.038391,-12.408281
2390,-2.935096,12.725629,-24.03381
2391,-2.7912276,11.875279,-24.635006
2392,-2.3312075,10.548161,-18.198313
2393,-2.3383858,10.2056875,-13.385749
2394,-2.1684954,5.2277193,-7.725228
2395,-3.0403802,1.9579271,-5.981159
2396,-4.0441694,-0.8353942,-4.167998
2397,-4.254738,-1.8053846,-2.349752
2398,-4.700401,-2.7086751,0.23509483
2399,-4.130311,-2.9985058,0.78843504
2400,3.257529,-5.671887,74.54839
2401,1.3313067,-16.556837,57.626347
2402,-3.0020952,-16.528124,-35.522648
2403,2.9123642,-17.412271,-5.7583275
2404,1.5038891,-22.00679,8.7367935
2405,1.5254245,-17.115263,-19.726728
2406,-7.2996044,-23.697918,-12.369996
2407,-15.954444,-33.299118,-11.646466
2408,-9.105886,-28.32833,-6.73101
2409,0.28923243,-16.90918,-17.755043
2410,0.37328035,-14.556737,-19.168604
2411,1.4991034,-15.110077,-10.556536
2412,1.6669,-16.667206,-9.217452
2413,3.4537404,-17.361723,-9.596116
2414,13.277773,-19.16322,-15.654145
2415,25.245775,-26.184359,-17.196917
2416,15.50549,-33.450165,-15.345172
2417,7.7440715,-39.41248,-20.43321
2418,8.493922,-46.29723,6.06102
2419,7.8281193,-39.917965,48.859047
2420,1.8559331,-28.139296,71.4461
2421,-14.531611,-20.22683,49.93462
2422,-23.6704,-13.545769,20.407488
2423,-15.08256,-7.2840514,10.420743
2424,-9.61137,-5.7580285,11.55853
2425,1.1542379,-3.8751762,7.7162547
2426,6.7334027,-4.423731,10.142876
2427,7.885547,-3.2859437,13.719249
2428,8.970692,-1.7359928,14.6225395
2429,12.772289,-1.4724833,8.408379
2430,13.424034,-2.9673991,-0.13369897
2431,11.62493,-4.3184466,-3.1019955
2432,7.2987075,-3.8727834,-0.799801
2433,3.6646078,-2.7613173,0.36670008
2434,1.8176479,-1.5538392,0.73579293
2435,1.3914263,-0.93349993,0.45553362
2436,0.01375873,0.42711884,-2.3569303
2437,-0.19202402,0.90388876,-1.7075781
2438,-2.6330023,1.9627128,1.8735801
2439,-3.9864426,1.5074782,2.8677979
2440,-3.3326037,-1.7455641,0.7477571
2441,-0.79112697,-4.342375,1.1404791
2442,0.7013961,-7.803892,0.77407813
2443,3.415455,-14.5926285,0.8003992
2444,11.093125,-39.807594,10.30828
2445,8.2710905,-77.65906,-0.042771704
2446,-3.6152558,-77.65906,8.580961
2447,-25.186852,-61.086967,18.011972
2448,-26.468506,-43.398624,9.807582
2449,-8.590832,-27.372694,7.3881392
2450,0.3493521,-21.058035,10.667502
2451,14.89233,-18.365513,-4.496114
2452,20.1697,-12.927822,-16.899908
2453,5.578567,-10.316655,-4.7955155
2454,1.3193426,-7.408478,-6.242276
2455,0.67028946,-1.6354942,-8.105986
2456,3.185445,1.4380864,-8.259425
2457,3.4657044,6.6888366,-14.51875
2458,-1.7228323,10.940883,-11.033305
2459,-6.6720867,12.732807,-12.712468
2460,-7.5846496,12.301501,-14.32224
2461,-7.9654074,12.524333,-14.231313
2462,-4.8251266,10.2774725,-23.39403
2463,-2.1035903,9.139686,-21.623938
2464,-0.27846473,7.7165537,-16.780268
2465,-0.4651049,4.705486,-10.911271
2466,-1.3755739,1.4237294,-6.529714
2467,-1.6917256,-0.41365921,-4.8649077
2468,-1.9360926,-2.265405,-2.6419754
2469,-1.9743778,-3.3433714,0.41006997
2470,-2.4702902,-4.1985064,1.5574285
2471,11.263016,-6.5700927,78.709206
2472,-4.4799623,-14.094323,4.304987
2473,-2.94706,-10.007682,-35.13202
2474,-1.2723835,-13.473985,-4.232604
2475,4.9079785,-18.732212,13.716856
2476,1.0319048,-15.395122,-17.247166
2477,-5.9916277,-23.38655,-11.023734
2478,-13.781761,-42.344585,-4.968098
2479,-9.62812,-41.46313,-6.2255263
2480,1.015155,-23.702703,-17.64976
2481,5.767899,-16.137794,-20.624935
2482,3.7965121,-14.75564,-12.08495
2483,2.3039892,-16.58585,-9.416355
2484,4.896014,-17.395521,-8.295318
2485,9.480962,-18.679272,-11.129317
2486,20.241486,-22.519453,-14.621941
2487,14.307883,-29.047071,-14.703297
2488,8.120343,-35.464622,-9.605687
2489,10.901401,-38.324944,6.734001
2490,7.8592257,-34.59513,38.354553
2491,-6.4683976,-24.905396,61.825752
2492,-18.153448,-21.046072,44.607
2493,-26.99044,-15.50549,18.603897
2494,-20.491535,-8.335697,12.509677
2495,-10.662717,-8.85793,16.373487
2496,1.9088743,-6.747461,11.941979
2497,8.898908,-6.344868,10.753644
2498,9.986445,-3.3170505,14.162519
2499,10.9349,-2.2510478,14.143376
2500,13.955839,-1.9229321,4.8415775
2501,14.26242,-3.44387,-3.257529
2502,9.68465,-4.282554,-2.5387847
2503,5.7152567,-3.362514,-0.8859426
2504,3.839583,-2.207977,-0.7639086
2505,2.0452652,-0.23150559,-0.663111
2506,1.3002,1.0139586,-1.4177474
2507,0.41874397,2.2812574,-1.4464613
2508,-1.9121644,2.7293134,2.5298119
2509,-2.664408,2.5328028,3.2581272
2510,-1.5864414,1.933999,0.49381876
2511,-1.2891332,-3.0535407,0.7190432
2512,0.84765744,-5.6742797,0.3164508
2513,2.8286154,-9.042177,-0.6128617
2514,5.5331035,-22.366013,1.0016954
2515,13.170095,-63.987965,11.503495
2516,-0.27367908,-75.8791,4.4632125
2517,-19.080667,-66.38827,18.670897
2518,-29.802906,-54.975998,11.527423
2519,-23.986551,-38.140396,4.772186
2520,-8.070991,-23.09672,5.3015976
2521,1.3456637,-18.890139,8.456534
2522,17.750257,-16.171293,-6.2111692
2523,20.804396,-11.835499,-13.9319105
2524,3.1280174,-8.2348995,-5.027919
2525,-1.2221341,-4.7159543,-6.6089764
2526,2.033301,-1.5370895,-6.745367
2527,4.4671006,1.3710874,-10.209277
2528,4.8095737,4.8637114,-12.523436
2529,0.68464637,9.539586,-12.020345
2530,-2.6090739,11.329118,-13.534403
2531,-5.9916277,12.689736,-12.947265
2532,-6.1232333,12.699308,-20.21277
2533,-3.3565319,10.792527,-25.986053
2534,-1.3106686,9.910772,-21.372393
2535,0.46899325,9.067601,-16.636398
2536,-0.07477571,5.3593245,-8.563613
2537,-1.7036897,2.4394827,-5.5836515
2538,-2.71705,0.7217351,-4.4168515
2539,-2.7266214,-0.32033914,-1.8155541
2540,-2.1732812,-2.0306091,1.1763715
2541,6.021837,-4.2248273,78.709206
2542,-5.6443696,-16.954643,27.665815
2543,-1.4018949,-14.341084,-21.66701
2544,5.4684973,-21.712173,14.119449
2545,3.0873394,-22.837997,-8.395817
2546,-2.5229323,-22.493132,-15.503397
2547,-13.642978,-31.861929,-11.586645
2548,-18.491434,-39.501015,-14.279169
2549,-6.298208,-28.503304,-9.600902
2550,3.3197422,-15.294623,-12.64547
2551,4.699504,-12.532409,-18.708584
2552,3.906582,-13.816457,-10.619048
2553,2.3422742,-16.097116,-9.24138
2554,0.1911267,-18.705591,-5.660222
2555,5.3967123,-19.754845,-8.185248
2556,15.824334,-24.138794,-13.536796
2557,20.426031,-30.319157,-13.483854
2558,11.591431,-35.98207,-19.345673
2559,10.910973,-41.0055,1.1596217
2560,13.356736,-40.188652,17.820547
2561,4.627719,-25.815565,59.767925
2562,-12.212667,-19.510777,51.412487
2563,-24.19024,-15.634703,23.349163
2564,-17.355742,-7.394121,7.919944
2565,-11.570793,-4.922036,10.97169
2566,0.4139583,-7.3773713,13.436597
2567,6.3044896,-7.394121,10.624432
2568,7.277172,-6.2180486,13.726427
2569,7.3250284,-4.232006,18.45285
2570,9.533604,-3.3936207,14.093127
2571,11.550753,-4.153043,2.2809582
2572,11.095519,-5.341378,-3.1953156
2573,7.4973116,-5.2477593,-2.2947168
2574,4.1222353,-3.987639,-0.73519474
2575,1.6980067,-2.373082,-0.27756742
2576,0.55752766,-0.62452674,-1.2430713
2577,-0.19202402,0.93260264,-1.7051853
2578,-1.5119648,1.9555343,0.37627137
2579,-2.2402802,2.5615165,0.81954175
2580,-2.0748763,1.7207385,0.28773692
2581,0.07866404,-3.024827,1.875973
2582,0.8979067,-7.502097,1.8855443
2583,4.7784667,-13.047463,-0.19381863
2584,9.6942215,-24.879074,-3.5210385
2585,13.790435,-47.614777,6.0777693
2586,1.6836498,-69.748985,4.983053
2587,-15.516258,-65.854065,12.907185
2588,-33.34578,-54.4083,15.834504
2589,-26.909084,-40.243687,7.0959153
2590,-10.126126,-25.451557,3.3852458
2591,4.9462633,-19.644775,8.612068
2592,17.872292,-17.539091,-5.712864
2593,21.120548,-13.821242,-12.571292
2594,5.1738806,-8.292626,-4.4482574
2595,1.9782661,-4.6633124,-5.9763737
2596,3.4369907,-2.0545373,-6.529714
2597,4.282554,2.0153549,-11.289637
2598,5.2217374,6.116354,-12.487543
2599,1.5493526,11.441581,-12.619148
2600,-1.6749759,13.456337,-16.39921
2601,-3.612863,15.451653,-19.067806
2602,-2.894119,15.334404,-28.103703
2603,-0.6975078,12.699308,-23.070698
2604,0.45702913,9.968499,-16.864016
2605,0.5168497,6.0158553,-10.9352
2606,-1.2580265,1.8475581,-6.187241
2607,-2.3216362,0.16121642,-4.615755
2608,-2.4678974,-1.489233,-3.255136
2609,-2.7672994,-4.2391844,-0.2632105
2610,-2.7194428,-4.955536,1.2604194
2611,2.9219356,-8.002795,77.4781
2612,1.8008982,-17.78585,45.86682
2613,-2.25703,-17.373985,-21.501606
2614,1.7650058,-11.042578,-21.305393
2615,-2.9590242,-10.838888,-2.1556342
2616,-3.2129626,-19.089043,35.74847
2617,0.7253244,-18.88296,-21.501606
2618,-9.685548,-37.980076,-13.24188
2619,-17.338991,-44.011784,-7.4808607
2620,-4.90409,-25.664518,-4.0360937
2621,5.751149,-15.850356,-13.234702
2622,6.131907,-12.527623,-21.506392
2623,4.4982076,-14.511273,-14.015659
2624,5.3150573,-15.582061,-13.093526
2625,7.88794,-17.757137,-13.563117
2626,12.3194475,-20.95036,-11.747264
2627,22.304098,-23.98057,-11.557932
2628,15.778572,-31.246077,-13.41207
2629,9.162417,-34.827534,2.8366911
2630,9.030513,-36.355648,18.11995
2631,7.96451,-29.535807,40.06273
2632,-5.2920265,-22.974388,44.022552
2633,-16.091135,-19.57299,33.173195
2634,-23.366213,-13.536198,11.66172
2635,-20.587547,-8.009974,8.535498
2636,-8.619545,-4.301697,13.99233
2637,-1.3301103,-6.622735,10.662717
2638,5.446962,-6.8982086,12.837792
2639,5.8731833,-5.168796,18.536598
2640,8.702396,-3.9421754,19.947765
2641,11.167303,-4.1793637,13.120444
2642,13.074084,-5.590232,-0.30149564
2643,12.324233,-6.4935226,-4.927121
2644,8.077271,-5.389235,-2.321038
2645,3.9520457,-3.3960135,-0.9026923
2646,2.0261226,-2.5504498,-0.9699905
2647,-0.11784652,-0.72023964,-2.129313
2648,-0.31435707,0.44147578,-2.4143581
2649,-0.762114,1.6585252,-1.9040886
2650,-0.56590253,2.1110678,-1.1590235
2651,-1.753939,-2.4690938,3.2748768
2652,-0.695115,-6.8336024,2.9563324
2653,2.1361923,-11.021042,-0.26081768
2654,5.073083,-19.853249,0.70229346
2655,12.147164,-55.146187,9.994222
2656,2.6321049,-71.01628,1.1859428
2657,-17.997915,-64.46204,18.951155
2658,-34.126736,-57.407406,10.75843
2659,-18.8363,-37.213478,7.589136
2660,-12.416357,-27.336802,4.968696
2661,5.063512,-21.01975,9.3308115
2662,21.700209,-16.719849,-10.654941
2663,14.74876,-12.417553,-9.574581
2664,4.718646,-9.152547,-3.4396825
2665,1.1877373,-6.1941204,-6.0341005
2666,4.761717,-0.4854439,-6.6592255
2667,4.476672,4.334299,-13.414463
2668,2.1625135,7.2302127,-12.417852
2669,-2.1661026,11.563913,-11.634501
2670,-4.9878387,13.140185,-12.987942
2671,-5.2680984,12.696916,-29.440393
2672,-4.3172503,13.837095,-26.534609
2673,-2.8223343,13.729418,-19.371992
2674,-1.9648064,11.319547,-13.016955
2675,-1.9241285,7.5490565,-9.311071
2676,-2.9590242,3.6490545,-6.599405
2677,-2.7146573,0.87996054,-4.436293
2678,-2.5731816,-1.8221345,-1.3579268
2679,-2.149353,-3.6786656,1.6076777
2680,-0.12023934,-4.208078,27.665815
2681,-2.7696922,-13.299009,20.924934
2682,-0.06999006,-8.498408,-37.534714
2683,-3.9816568,-12.007782,-7.8759756
2684,-3.4139597,-15.519848,15.693327
2685,-4.4967117,-18.784855,18.668503
2686,-1.8424734,-17.893528,-13.213166
2687,-12.981661,-43.79613,-11.538789
2688,-17.147566,-57.282978,-11.275279
2689,-2.9590242,-32.08207,-10.412966
2690,0.5383851,-20.689241,-16.947765
2691,0.8955139,-16.276577,-20.744576
2692,2.4068804,-18.051754,-14.607584
2693,4.17727,-19.53949,-14.1930275
2694,11.960225,-22.363619,-15.203995
2695,26.323742,-27.154648,-14.319847
2696,22.21048,-31.330124,-21.08017
2697,16.034903,-39.46034,2.8103702
2698,17.290237,-37.599022,24.137299
2699,7.5311103,-28.587051,61.785072
2700,-16.440784,-21.118155,63.32306
2701,-24.137598,-15.143577,23.179274
2702,-16.670795,-9.870992,-4.5559344
2703,-9.855438,-7.135397,8.154739
2704,-0.034097724,-8.496016,15.652649
2705,3.3269207,-7.2912297,10.276875
2706,4.086343,-5.0273204,15.171094
2707,7.166803,-4.9603214,19.190737
2708,12.346067,-4.9603214,14.5818615
2709,14.652748,-4.7685966,5.8764734
2710,14.710176,-5.3342,-2.00698
2711,9.646067,-5.384449,-3.2934213
2712,5.6264234,-4.0501513,-2.5028925
2713,3.4968112,-2.2677977,-1.9208384
2714,2.498107,-0.44955155,-2.239383
2715,1.8367904,1.0402796,-2.9365916
2716,0.39720857,1.919642,-2.9629126
2717,-1.7587247,2.365006,-1.3722838
2718,-1.7012969,2.487339,0.6469594
2719,-2.9781668,2.2549362,-0.37567315
2720,-4.712365,-2.4930222,0.55363935
2721,-2.4655046,-4.8215375,1.0136595
2722,0.72293156,-6.6011996,0.3379862
2723,3.743571,-12.175579,-1.1255239
2724,17.448463,-52.180584,16.653746
2725,12.183057,-77.65906,5.258527
2726,-10.032806,-69.449585,21.971794
2727,-23.404497,-61.101326,17.92583
2728,-22.115664,-44.783173,6.6574306
2729,-8.602796,-27.102007,7.804789
2730,0.62482584,-21.01975,4.254738
2731,18.643677,-16.303198,-8.165807
2732,15.460027,-10.455738,-14.68894
2733,0.39481574,-8.776276,-4.3857446
2734,-1.91695,-5.688637,-7.5670023
2735,-0.82701933,-3.867998,-9.380463
2736,3.0753753,2.1565313,-11.478969
2737,3.0729825,5.7858453,-14.437394
2738,-0.8700901,12.201003,-13.026526
2739,-4.2044883,14.903098,-14.930914
2740,-8.094919,15.741483,-14.763118
2741,-6.954739,14.591732,-20.617756
2742,-4.42732,13.214363,-24.975086
2743,-0.6520442,11.233106,-18.75644
2744,-1.442573,8.75145,-11.922238
2745,-2.3072793,5.2085767,-6.870093
2746,-3.1986058,2.309971,-3.365505
2747,-3.0188448,0.13489537,-2.0431714
2748,-3.0930223,-2.0018952,-0.2105684
2749,-3.0379875,-2.943471,1.2939188
2750,1.1398809,-6.500701,56.450275
2751,2.7233312,-16.547266,61.401623
2752,3.6406796,-17.277973,-29.371
2753,3.0203404,-12.578172,-28.776684
2754,2.1385853,-13.426127,-6.7429743
2755,3.8371902,-19.182362,5.7807603
2756,-4.494319,-26.242086,-14.832509
2757,-16.150955,-50.61388,-16.039988
2758,-13.216456,-46.955853,-5.3201423
2759,-3.2033913,-21.942184,-3.7007992
2760,-0.81266236,-16.829918,-5.796912
2761,1.8080766,-9.851849,-17.12274
2762,-0.32153556,-11.502598,-13.2203455
2763,-1.2628121,-15.442978,-6.1944194
2764,-0.8892327,-18.782461,-7.7611203
2765,3.2527432,-22.624737,-8.589934
2766,10.738688,-26.515167,-11.663515
2767,12.123236,-33.279976,-15.069698
2768,14.597713,-33.452557,0.44835514
2769,21.91347,-31.28197,14.069199
2770,16.33909,-26.086254,26.024937
2771,3.743571,-20.253149,32.840294
2772,-10.464112,-16.034903,39.34877
2773,-20.601904,-12.082259,20.587248
2774,-21.02334,-7.214659,11.781362
2775,-11.496615,-4.895715,16.038193
2776,-1.495215,-9.102298,18.570099
2777,9.08794,-9.224331,16.160227
2778,9.809077,-8.143971,18.735502
2779,10.532607,-5.5280185,16.26581
2780,10.324132,-4.3328037,8.020442
2781,9.298808,-5.408377,-2.778366
2782,9.377771,-4.9674997,-5.1906304
2783,6.2063837,-4.1410785,-2.9078777
2784,3.6191442,-2.7445676,-1.178166
2785,1.9304097,-1.7886349,-0.622433
2786,1.3025929,0.15882361,-2.2274187
2787,1.2738789,1.3564314,-2.3353949
2788,0.68225354,2.0225334,-2.4717858
2789,1.3121641,1.9698912,-1.0010972
2790,-1.1958131,1.8308084,0.6206384
2791,-3.560221,-0.4639085,0.92482597
2792,-1.7180467,-4.6896334,2.3168504
2793,-0.098703936,-5.7436714,1.4712868
2794,3.3029926,-8.618349,-1.4177474
2795,11.838191,-39.0724,17.571394
2796,10.36481,-77.08897,9.7043915
2797,-8.411071,-77.65906,17.597715
2798,-24.34368,-67.01339,15.156736
2799,-20.692831,-48.163334,11.079367
2800,-4.089633,-26.958138,13.182658
2801,2.9940193,-21.970898,8.6192465
2802,18.536001,-15.136398,-14.523536
2803,13.924433,-12.44866,-14.391931
2804,2.3255246,-8.539386,-6.934699
2805,-0.8246265,-5.494519,-10.058529
2806,0.45702913,-1.8631115,-11.023734
2807,0.689432,4.2095733,-13.507783
2808,0.8380861,9.58505,-14.26242
2809,-4.5472603,13.516158,-13.227524
2810,-7.400103,14.656338,-14.796617
2811,-8.8447695,15.2216425,-15.263816
2812,-6.8515487,12.989139,-25.516462
2813,-3.6487553,12.040384,-22.951057
2814,-1.8137596,9.762417,-16.921444
2815,-0.73818576,6.6888366,-10.980663
2816,-1.5717853,3.2587254,-6.5512495
2817,-1.9336998,1.2439687,-4.7309093
2818,-2.2785654,-1.4964114,-2.7616165
2819,-2.556432,-3.1974092,-0.30149564
2820,-3.1073792,-4.87418,1.3752748
2821,5.4900327,-7.609774,78.709206
2822,6.477072,-18.027824,47.699425
2823,6.9224358,-18.12593,-31.505398
2824,4.1988053,-20.69642,-10.877771
2825,6.572785,-25.135405,6.3532434
2826,-0.7046863,-23.822643,-12.19532
2827,-10.269995,-26.196323,-13.709079
2828,-15.705292,-30.941889,-8.906086
2829,-6.727122,-22.830818,-3.9810586
2830,-0.053240303,-13.984254,-3.135495
2831,2.9506495,-8.956036,-17.414963
2832,2.6991038,-9.590733,-16.401604
2833,3.2237303,-11.986247,-13.474283
2834,2.6249263,-14.772389,-9.835697
2835,3.1208389,-16.28615,-9.2488575
2836,11.965011,-24.891039,-15.893726
2837,16.267305,-32.43202,-21.116062
2838,8.393424,-38.463726,-16.751553
2839,11.601003,-42.12654,-16.430317
2840,10.281061,-43.18058,-9.859626
2841,0.4211368,-40.86642,46.779682
2842,-5.58425,-24.569801,78.709206
2843,-15.6359,-16.334305,48.926044
2844,-24.58057,-11.4954195,9.220443
2845,-17.027624,-6.0167527,3.9840498
2846,-5.641977,-6.387939,13.910974
2847,3.609573,-5.0922256,12.447463
2848,9.873684,-5.547161,15.0272255
2849,14.564214,-5.1352963,18.939192
2850,16.485352,-5.563911,17.070696
2851,17.704794,-5.5977097,6.4034925
2852,15.874583,-5.992824,-1.4994025
2853,10.724033,-5.7843494,-2.740081
2854,5.540282,-4.4285164,-1.2044871
2855,1.6334006,-2.3300111,-0.9604192
2856,0.58654064,-0.81625164,-1.3627125
2857,0.19830517,0.14446667,-2.0958135
2858,-0.36699918,1.1697912,-2.7903304
2859,-0.8676973,2.0536401,-2.670689
2860,-1.3707882,1.9842482,-2.3784657
2861,-1.5119648,-2.8785655,1.2771691
2862,-0.369392,-6.9655066,1.8305093
2863,2.6105695,-11.619845,1.1117653
2864,5.5833526,-23.999712,4.5134616
2865,11.936296,-60.207905,6.70768
2866,-0.30239296,-74.70781,-4.7524447
2867,-20.108385,-66.131935,17.343777
2868,-25.924438,-53.004612,11.424532
2869,-20.860628,-32.757744,6.952047
2870,-7.7210402,-21.21387,8.252846
2871,7.5813594,-19.493729,0.50099725
2872,21.477676,-14.446667,-10.278668
2873,10.76501,-12.144472,-9.34457
2874,1.4560326,-7.6983085,-6.2327046
2875,-1.428216,-4.026223,-8.733803
2876,1.6669,0.180359,-8.4197445
2877,3.813262,3.9963129,-11.01177
2878,2.8932216,8.114361,-12.461222
2879,-0.31196424,12.42862,-11.977274
2880,-3.0619156,14.119747,-16.051952
2881,-3.6846478,13.760525,-23.384457
2882,-3.140879,12.7495575,-24.218058
2883,-2.7146573,11.62852,-18.90988
2884,-1.7156538,10.13839,-13.328321
2885,-1.0375878,8.586046,-9.826126
2886,-1.9002002,2.8896325,-4.994419
2887,-2.9374888,0.44626144,-3.094817
2888,-3.790231,-1.340878,-1.6429719
2889,-3.7878382,-2.64377,0.4004987
2890,-4.7195435,-3.9086757,0.98016
2891,4.0624146,-10.038788,78.709206
2892,-4.1662035,-14.642879,14.198411
2893,0.7683952,-12.118151,-33.979877
2894,2.7041886,-19.297516,-4.0887356
2895,-2.7529426,-29.725138,-1.4823537
2896,-0.5922236,-25.868208,-19.192532
2897,-8.286644,-39.43162,-6.4675007
2898,-19.332212,-40.49284,-8.70479
2899,-10.610075,-22.744677,-7.4186473
2900,0.9553344,-12.551551,-12.003594
2901,5.1140604,-9.3562355,-16.018452
2902,4.0528436,-10.012467,-12.207284
2903,4.587041,-12.779168,-11.01177
2904,6.680462,-15.519848,-9.866804
2905,14.240884,-22.097717,-13.606188
2906,24.45046,-30.242586,-13.87209
2907,17.651854,-39.6401,-24.268606
2908,14.557035,-42.541096,-0.21296121
2909,16.358532,-40.17669,20.074585
2910,14.621642,-35.720955,33.68586
2911,-3.9987056,-18.315262,53.192448
2912,-14.845371,-15.8766775,37.37978
2913,-20.845972,-13.157832,11.704791
2914,-20.997019,-7.018149,1.2317054
2915,-11.913266,-4.900501,14.06202
2916,-1.076172,-6.1534424,15.238092
2917,5.111667,-6.179764,13.776976
2918,6.6541405,-5.6934223,17.700607
2919,9.509675,-4.6345983,17.492132
2920,12.520743,-3.8153558,8.57139
2921,13.213166,-5.0946183,-1.6860427
2922,10.348061,-5.6096735,-4.968098
2923,6.0026946,-4.4668016,-2.469393
2924,2.8908288,-2.8570302,-1.9710877
2925,0.7013961,-1.6689938,-1.5137594
2926,-0.46031925,-0.35623148,-2.630011
2927,-1.1958131,0.8560323,-2.8094728
2928,-2.1948166,2.039283,-1.044168
2929,-3.1289146,2.3961127,1.7225332
2930,-2.161317,0.5347959,1.7994026
2931,-0.5515456,-4.328018,2.2567308
2932,0.24376881,-6.8982086,1.2939188
2933,3.9137604,-11.660523,0.15373886
2934,7.938189,-23.005793,0.18723837
2935,15.493526,-51.231827,10.736895
2936,2.5124638,-73.51948,2.542075
2937,-21.72294,-69.14539,19.24338
2938,-35.113773,-58.4423,10.389636
2939,-18.244675,-34.18297,10.269695
2940,-4.721936,-21.041286,9.38824
2941,5.9452667,-18.473488,0.26859435
2942,20.571993,-11.806786,-13.670794
2943,11.090733,-9.344272,-6.680761
2944,1.0654043,-5.360521,-5.387141
2945,0.7516454,-0.43758744,-6.992127
2946,1.8559331,1.3710874,-8.729017
2947,1.4153546,6.2267227,-11.014163
2948,1.5397813,10.157532,-11.622538
2949,-2.2498515,12.98196,-12.19532
2950,-4.065705,12.967604,-12.975978
2951,-4.7578287,12.857234,-17.800507
2952,-3.6056845,11.520544,-24.02663
2953,-2.1182463,11.046466,-20.74697
2954,-0.7262217,9.460623,-14.377574
2955,-0.41006997,6.6338015,-8.659326
2956,-1.5023935,3.3233316,-6.302396
2957,-2.7026932,0.6619146,-4.08395
2958,-2.9566314,-1.8918254,-2.1723838
2959,-3.3493536,-3.7938204,0.65922266
2960,-3.0068808,-4.7709894,2.0676978
2961,2.292025,-13.89572,68.10213
2962,-3.95055,-19.47937,13.422239
2963,2.955435,-11.38505,-26.726334
2964,-2.8366911,-13.334902,-5.4589257
2965,1.2643076,-18.401403,17.075481
2966,-0.36221352,-18.837496,-13.18206
2967,-5.0309095,-28.649565,-14.8734865
2968,-16.191633,-46.658844,-11.927025
2969,-6.8778696,-28.845776,-6.381359
2970,1.4679967,-18.612272,-11.881262
2971,3.6478581,-14.638093,-18.397217
2972,2.265704,-14.463416,-12.27189
2973,2.469393,-15.522241,-9.881161
2974,3.7965121,-16.190435,-10.022338
2975,9.145667,-16.600206,-11.648859
2976,19.707287,-21.046072,-11.423934
2977,20.26302,-25.552055,-12.95205
2978,12.281162,-32.865417,-13.824234
2979,9.648459,-39.46991,3.39721
2980,10.901401,-36.259937,34.627136
2981,5.554639,-26.361727,60.282978
2982,-12.332608,-20.62703,44.731426
2983,-19.804197,-14.698213,15.683756
2984,-13.257134,-7.95464,2.6330023
2985,-11.884552,-6.6514487,7.033403
2986,3.2309089,-6.409774,12.674782
2987,9.145667,-5.866005,10.406385
2988,7.8831544,-4.299304,15.937695
2989,7.8831544,-4.299304,15.937695
2990,9.320343,-3.170789,17.889938
2991,11.3422785,-4.64417,3.4354951
2992,11.057234,-5.465805,-3.4396825
2993,9.96491,-5.3700924,-3.693621
2994,3.908975,-3.6762729,-1.6142579
2995,1.0223335,-2.684747,-0.8237292
2996,-0.6089734,-1.6283158,-1.559223
2997,-1.1551352,-0.6053841,-2.3665016
2998,-2.024627,1.1745768,-1.6262221
2999,-2.9709885,1.6417755,1.1763715
3000,-3.8644085,-2.0688944,2.9084759
